players,assists,damage_received,headshots,tier,traded,kills,matches,deaths,damage,kd_ratio,damage_per_match,headshots_per_match,kills_per_match,,
1,2828,1692848,6410,iron,1366,9702,667,9271,1832300,14.55,197.64,0.69,1.05,,
2,2787,1315016,1879,iron,1157,4860,440,6893,978580,11.05,141.97,0.27,0.71,,
3,2785,1540524,3287,bronze,1308,7276,605,8329,1565588,12.03,187.97,0.39,0.87,,
4,2771,1553627,3174,iron,1423,5446,614,8681,1071070,8.87,123.38,0.37,0.63,,
5,2596,1621822,2688,iron,1300,6479,625,8839,1254742,10.37,141.96,0.30,0.73,,
6,2527,891518,1885,iron,876,5281,355,5181,990213,14.88,191.12,0.36,1.02,,
7,2318,1423665,5647,iron,912,10187,694,7379,1806897,14.68,244.87,0.77,1.38,,
8,2316,1244561,6058,iron,756,8505,569,6379,1610387,14.95,252.45,0.95,1.33,,
9,2200,1290842,2078,iron,996,5359,436,6527,989319,12.29,151.57,0.32,0.82,,
10,2111,1263387,1711,iron,988,6026,505,6737,1094285,11.93,162.43,0.25,0.89,,              
11,2099,875040,1320,iron,736,3858,343,5459,743680,11.25,136.23,0.24,0.71,,
12,2097,1184540,2260,iron,928,5822,430,6304,1096735,13.54,173.97,0.36,0.92,,
13,1865,1018298,1762,iron,1054,3802,347,5517,723522,10.96,131.14,0.32,0.69,,
14,1848,1350249,2665,iron,1156,6138,445,6864,1113057,13.79,162.16,0.39,0.89,,
15,1845,857488,1808,iron,704,3625,297,4471,716339,12.21,160.22,0.40,0.81,,
16,1825,991104,1912,iron,819,4244,350,5209,848510,12.13,162.89,0.37,0.81,,
17,1822,705649,2305,iron,575,3623,306,3986,707762,11.84,177.56,0.58,0.91,,
18,1788,1150754,3669,iron,774,6574,456,6318,1219515,14.42,193.02,0.58,1.04,,
19,1775,983906,3794,iron,820,5880,400,5377,1081021,14.70,201.05,0.71,1.09,,
20,1727,724910,1637,iron,711,3038,275,3962,580860,11.05,146.61,0.41,0.77,,
21,1715,1117375,2702,iron,947,5433,364,5893,1023107,14.93,173.61,0.46,0.92,,
22,1692,902066,1895,iron,820,4124,322,4722,821699,12.81,174.02,0.40,0.87,,
23,1629,1011592,1715,iron,847,4134,381,5347,823776,10.85,154.06,0.32,0.77,,
24,1619,678217,1264,iron,632,3053,236,3672,562497,12.94,153.19,0.34,0.83,,
25,1606,833119,1782,iron,767,4321,294,4444,770504,14.70,173.38,0.40,0.97,,
26,1560,1021377,2325,iron,726,5121,414,5316,938775,12.37,176.59,0.44,0.96,,
27,1559,836617,1983,iron,540,3965,343,4275,775333,11.56,181.36,0.46,0.93,,
28,1542,1287753,4484,iron,802,6839,455,6795,1315378,15.03,193.58,0.66,1.01,,
29,1534,995312,2528,iron,680,5251,349,5047,976334,15.05,193.45,0.50,1.04,,
30,1533,935489,1973,iron,881,4054,299,4873,791554,13.56,162.44,0.40,0.83,,
31,1524,902255,2438,iron,755,4535,308,4949,871776,14.72,176.15,0.49,0.92,,
32,1513,888961,3627,iron,740,5672,414,4675,1054774,13.70,225.62,0.78,1.21,,
33,1513,780426,1452,iron,598,4055,275,4241,770641,14.75,181.71,0.34,0.96,,
34,1498,813832,1695,iron,703,3705,257,4190,713461,14.42,170.28,0.40,0.88,,
35,1492,912228,5734,iron,767,7433,483,4862,1346928,15.39,277.03,1.18,1.53,,
36,1482,916800,1260,iron,788,4076,309,4793,784948,13.19,163.77,0.26,0.85,,
37,1477,811430,2489,iron,755,4375,303,4595,845904,14.44,184.09,0.54,0.95,,
38,1477,838733,1435,iron,709,3509,273,4384,636598,12.85,145.21,0.33,0.80,,
39,1472,819222,1310,iron,639,3109,315,4125,589779,9.87,142.98,0.32,0.75,,
40,1443,846480,2112,iron,720,4061,295,4581,793089,13.77,173.13,0.46,0.89,,
41,1433,830873,2410,iron,793,4401,312,4443,830344,14.11,186.89,0.54,0.99,,
42,1423,691856,981,iron,514,2762,251,3613,533811,11.00,147.75,0.27,0.76,,
43,1422,1077419,1335,iron,1062,3221,381,5736,616488,8.45,107.48,0.23,0.56,,
44,1410,767137,1424,iron,775,3305,263,4248,624122,12.57,146.92,0.34,0.78,,
45,1408,701524,962,iron,599,2828,247,3701,514955,11.45,139.14,0.26,0.76,,
46,1399,908493,1202,iron,933,2532,361,4838,492742,7.01,101.85,0.25,0.52,,
47,1372,702422,928,iron,609,3045,242,3764,562440,12.58,149.43,0.25,0.81,,
48,1372,693202,1278,iron,604,2936,256,3813,566709,11.47,148.63,0.34,0.77,,
49,1354,814490,2269,iron,654,4176,280,4199,795855,14.91,189.53,0.54,0.99,,
50,1351,656698,1052,iron,547,2450,225,3727,491469,10.89,131.87,0.28,0.66,,
51,1337,693522,1193,iron,649,2954,233,3941,567375,12.68,143.97,0.30,0.75,,
52,1318,794971,1482,iron,640,3213,274,4198,633040,11.73,150.80,0.35,0.77,,
53,1311,848865,1789,iron,762,4178,318,5023,768969,13.14,153.09,0.36,0.83,,
54,1304,917764,968,iron,825,2742,329,5051,507069,8.33,100.39,0.19,0.54,,
55,1289,594748,1535,iron,501,2773,228,3175,529118,12.16,166.65,0.48,0.87,,
56,1279,588462,1014,iron,524,2992,203,3016,562638,14.74,186.55,0.34,0.99,,
57,1278,599894,1049,iron,397,2828,208,3082,508086,13.60,164.86,0.34,0.92,,
58,1270,732894,1075,iron,588,3126,274,4176,593500,11.41,142.12,0.26,0.75,,
59,1268,552177,1965,iron,598,3473,350,2866,629408,9.92,219.61,0.69,1.21,,
60,1267,567474,2005,iron,390,3500,314,3277,632599,11.15,193.04,0.61,1.07,,
61,1264,697604,1628,iron,701,2703,258,3796,525770,10.48,138.51,0.43,0.71,,
62,1262,695948,1664,iron,644,3357,232,3665,599196,14.47,163.49,0.45,0.92,,
63,1261,685395,1117,iron,709,2647,245,3732,549131,10.80,147.14,0.30,0.71,,
64,1253,595786,983,iron,469,2635,233,3164,482808,11.31,152.59,0.31,0.83,,
65,1251,686004,2156,iron,489,3248,263,3764,619709,12.35,164.64,0.57,0.86,,
66,1241,636836,1022,iron,611,2793,242,3661,527491,11.54,144.08,0.28,0.76,,
67,1227,844209,2279,iron,671,3927,315,4350,745915,12.47,171.47,0.52,0.90,,
68,1214,606551,1103,iron,502,2786,227,3262,547720,12.27,167.91,0.34,0.85,,
69,1211,864668,3244,bronze,695,4407,323,4818,878592,13.64,182.36,0.67,0.91,,
70,1207,656406,7211,iron,509,8507,458,3288,1498599,18.57,455.78,2.19,2.59,,
71,1205,783837,1299,iron,654,3498,258,4251,631530,13.56,148.56,0.31,0.82,,
72,1201,619558,1566,iron,484,2579,217,3312,500654,11.88,151.16,0.47,0.78,,
73,1198,740062,1246,iron,699,3218,240,4125,599833,13.41,145.41,0.30,0.78,,
74,1195,682895,1054,iron,521,3005,275,3754,539300,10.93,143.66,0.28,0.80,,
75,1189,777701,1384,iron,689,3071,270,4171,574744,11.37,137.80,0.33,0.74,,
76,1182,604663,1628,iron,505,2894,215,3248,540928,13.46,166.54,0.50,0.89,,
77,1182,742902,1303,iron,590,3370,254,3775,634132,13.27,167.98,0.35,0.89,,
78,1165,692281,1350,iron,564,2960,244,3722,558910,12.13,150.16,0.36,0.80,,
79,1165,857702,1556,iron,769,2518,287,4596,521365,8.77,113.44,0.34,0.55,,
80,1149,587305,916,iron,524,2735,224,3216,485732,12.21,151.04,0.28,0.85,,
81,1134,867140,4961,iron,637,7543,532,4470,1289669,14.18,288.52,1.11,1.69,,
82,1133,718726,1195,iron,494,2884,264,3915,550133,10.92,140.52,0.31,0.74,,
83,1132,757496,2479,iron,462,4587,382,4292,810146,12.01,188.76,0.58,1.07,,
84,1131,595343,1174,iron,472,2592,206,3024,492268,12.58,162.79,0.39,0.86,,
85,1131,647150,1894,iron,737,3294,234,3693,631595,14.08,171.02,0.51,0.89,,
86,1122,588102,861,iron,534,2407,205,3165,484009,11.74,152.93,0.27,0.76,,
87,1120,590856,1139,iron,497,2672,200,3118,516821,13.36,165.75,0.37,0.86,,
88,1118,671733,1445,iron,593,2769,232,3651,533805,11.94,146.21,0.40,0.76,,
89,1117,748302,1294,iron,728,3167,252,3890,542195,12.57,139.38,0.33,0.81,,
90,1117,554127,1819,iron,450,2659,247,3017,506443,10.77,167.86,0.60,0.88,,
91,1105,589736,1187,iron,581,2988,207,3218,555777,14.43,172.71,0.37,0.93,,
92,1092,685491,1111,iron,667,2631,251,3950,500225,10.48,126.64,0.28,0.67,,
93,1092,702668,1356,iron,579,2911,262,3815,566291,11.11,148.44,0.36,0.76,,
94,1060,779316,1283,iron,637,3189,283,4131,578256,11.27,139.98,0.31,0.77,,
95,1053,654565,1487,iron,531,3225,245,3709,614496,13.16,165.68,0.40,0.87,,
96,1030,558913,1017,iron,431,2582,236,2945,486109,10.94,165.06,0.35,0.88,,
97,1021,698304,1611,iron,639,2681,227,3637,519982,11.81,142.97,0.44,0.74,,
98,1019,895451,1883,iron,629,3934,300,4764,749002,13.11,157.22,0.40,0.83,,
99,1016,572797,1311,iron,511,2931,211,3305,566117,13.89,171.29,0.40,0.89,,
100,1013,564822,1397,iron,549,2749,207,3175,542004,13.28,170.71,0.44,0.87,,
101,981,629184,1356,iron,479,2634,219,3358,520998,12.03,155.15,0.40,0.78,,
102,969,913580,1869,iron,690,3861,298,4651,702728,12.96,151.09,0.40,0.83,,
103,964,603265,1578,iron,462,3065,199,3099,566435,15.40,182.78,0.51,0.99,,
104,962,551957,1128,iron,534,2588,191,2904,479613,13.55,165.16,0.39,0.89,,
105,960,574570,1736,iron,403,2712,227,2978,505493,11.95,169.74,0.58,0.91,,
106,954,610298,1118,iron,598,2820,213,3347,530225,13.24,158.42,0.33,0.84,,
107,944,586533,1008,iron,602,2822,220,3348,528729,12.83,157.92,0.30,0.84,,
108,935,585642,2184,iron,523,3521,366,3317,634686,9.62,191.34,0.66,1.06,,
109,935,599496,1726,iron,531,2769,214,3187,535964,12.94,168.17,0.54,0.87,,
110,932,559806,1005,iron,490,2358,182,2978,490560,12.96,164.73,0.34,0.79,,
111,932,552789,1610,iron,518,2945,197,3041,555260,14.95,182.59,0.53,0.97,,
112,918,580744,1217,iron,470,2765,219,3227,514318,12.63,159.38,0.38,0.86,,
113,849,560988,1248,iron,405,3033,201,2933,550917,15.09,187.83,0.43,1.03,,
114,829,716634,2848,iron,588,4168,246,3760,761212,16.94,202.45,0.76,1.11,,
115,799,614809,1578,iron,476,2690,218,3352,509556,12.34,152.02,0.47,0.80,,
116,752,574820,1626,iron,421,2603,175,2727,500814,14.87,183.65,0.60,0.95,,
117,749,586194,2037,iron,479,2685,203,3004,519317,13.23,172.88,0.68,0.89,,
118,725,561132,1596,iron,486,2457,201,3138,482646,12.22,153.81,0.51,0.78,,
119,680,588095,2097,iron,479,3494,197,3318,636916,17.74,191.96,0.63,1.05,,
120,674,571836,3254,iron,441,5696,272,2864,967866,20.94,337.94,1.14,1.99,,
121,667,560042,3160,iron,413,4196,319,2991,745735,13.15,249.33,1.06,1.40,,
122,4313,1844466,4159,bronze,1768,9158,663,9919,1732735,13.81,174.69,0.42,0.92,,
123,4202,2232227,3131,bronze,1919,10127,750,11214,1942070,13.50,173.18,0.28,0.90,,
124,4122,1940632,3701,bronze,1489,8206,707,10307,1577644,11.61,153.07,0.36,0.80,,
125,4042,1829125,2912,bronze,1638,8185,620,9672,1544449,13.20,159.68,0.30,0.85,,
126,3905,2206452,5601,silver,1962,10738,820,11513,1983127,13.10,172.25,0.49,0.93,,
127,3724,1934050,3411,silver,1875,8466,660,10121,1609502,12.83,159.03,0.34,0.84,,
128,3371,1168514,2509,bronze,1017,5229,403,5904,1022604,12.98,173.21,0.42,0.89,,
129,3232,1483614,3108,iron,1102,7311,518,7758,1351777,14.11,174.24,0.40,0.94,,
130,3084,1708222,3510,silver,1596,9244,562,8997,1675102,16.45,186.18,0.39,1.03,,
131,3026,1727118,2892,bronze,1414,7862,591,8853,1472283,13.30,166.30,0.33,0.89,,
132,2938,1322491,2711,bronze,1158,5851,437,6968,1131342,13.39,162.36,0.39,0.84,,
133,2913,1389865,2333,bronze,1226,6350,487,7558,1203629,13.04,159.25,0.31,0.84,,
134,2908,1219489,2809,bronze,891,5546,490,6423,1073455,11.32,167.13,0.44,0.86,,
135,2896,1623658,3980,bronze,1421,8157,573,8848,1532715,14.24,173.23,0.45,0.92,,
136,2886,1287462,2688,bronze,1040,6256,463,6796,1181967,13.51,173.92,0.40,0.92,,
137,2885,1429851,3700,bronze,1161,7566,481,7400,1421907,15.73,192.15,0.50,1.02,,
138,2815,1688841,2700,bronze,1479,7655,552,8879,1402514,13.87,157.96,0.30,0.86,,
139,2778,1167010,2139,bronze,1024,4963,405,6027,943226,12.25,156.50,0.35,0.82,,
140,2767,1544482,3109,bronze,1265,6848,553,7999,1254209,12.38,156.80,0.39,0.86,,
141,2734,1262439,2397,bronze,1306,5153,408,6967,919709,12.63,132.01,0.34,0.74,,
142,2687,1098568,2098,bronze,998,5404,393,5694,1011990,13.75,177.73,0.37,0.95,,
143,2675,1166500,3608,bronze,947,5832,407,6087,1106085,14.33,181.71,0.59,0.96,,
144,2646,1133553,2522,bronze,909,4832,438,5846,926940,11.03,158.56,0.43,0.83,,
145,2642,1119162,3367,bronze,954,5462,382,5913,1089334,14.30,184.23,0.57,0.92,,
146,2640,1324021,3101,silver,1167,7041,488,6834,1281392,14.43,187.50,0.45,1.03,,
147,2612,1227581,2805,bronze,933,7297,488,6611,1333761,14.95,201.75,0.42,1.10,,
148,2596,1341464,2390,bronze,1154,6844,463,6935,1248573,14.78,180.04,0.34,0.99,,
149,2596,1205514,2461,bronze,1246,5616,404,6544,1047962,13.90,160.14,0.38,0.86,,
150,2595,1567978,2245,bronze,1410,6057,521,8287,1227210,11.63,148.09,0.27,0.73,,
151,2590,1413743,2529,bronze,1388,5251,477,7383,995015,11.01,134.77,0.34,0.71,,
152,2579,1663788,3694,silver,1384,8797,538,8340,1599637,16.35,191.80,0.44,1.05,,
153,2576,1422500,2413,bronze,1342,5382,465,7284,1067496,11.57,146.55,0.33,0.74,,
154,2574,2255797,6798,bronze,1787,12097,780,11860,2240138,15.51,188.88,0.57,1.02,,
155,2567,1398175,2238,bronze,1274,6145,449,7299,1176179,13.69,161.14,0.31,0.84,,
156,2552,1335043,2332,bronze,1181,6054,483,7067,1087583,12.53,153.90,0.33,0.86,,
157,2551,1483096,2941,bronze,1318,6640,518,7578,1265046,12.82,166.94,0.39,0.88,,
158,2543,1168499,2090,bronze,1018,5623,422,6085,1096186,13.32,180.15,0.34,0.92,,
159,2500,1230136,2115,bronze,1030,5002,380,5928,975381,13.16,164.54,0.36,0.84,,
160,2490,1457981,3933,bronze,1431,6175,452,7719,1199258,13.66,155.36,0.51,0.80,,
161,2488,1719502,4006,bronze,1328,8471,540,9278,1632994,15.69,176.01,0.43,0.91,,
162,2480,1169716,2223,bronze,910,5489,407,6163,975897,13.49,158.35,0.36,0.89,,
163,2461,1487658,3081,bronze,1270,6296,498,7877,1223047,12.64,155.27,0.39,0.80,,
164,2455,1168920,2239,bronze,1012,6233,472,6605,1126365,13.21,170.53,0.34,0.94,,
165,2450,1892830,4039,iron,1801,7575,651,10478,1410434,11.64,134.61,0.39,0.72,,
166,2437,1222835,2461,bronze,1086,5730,388,6219,1100377,14.77,176.94,0.40,0.92,,
167,2432,1404034,2255,bronze,1240,5650,457,7374,1126361,12.36,152.75,0.31,0.77,,
168,2427,951709,3417,bronze,770,4675,372,5048,869420,12.57,172.23,0.68,0.93,,
169,2424,1406224,3640,bronze,1186,6843,487,7522,1332778,14.05,177.18,0.48,0.91,,
170,2421,1385095,3986,bronze,1334,6626,437,7393,1308510,15.16,176.99,0.54,0.90,,
171,2413,981956,2116,bronze,852,4440,354,5076,880139,12.54,173.39,0.42,0.87,,
172,2413,1446039,3052,bronze,1286,5630,539,7878,1066419,10.45,135.37,0.39,0.71,,
173,2398,1230030,2297,bronze,1150,5473,413,6574,1072444,13.25,163.13,0.35,0.83,,
174,2392,1214145,2814,bronze,1016,6402,415,6238,1170940,15.43,187.71,0.45,1.03,,
175,2377,1299426,3548,bronze,1096,6168,456,6900,1177420,13.53,170.64,0.51,0.89,,
176,2367,1242715,3309,bronze,1189,5738,418,6235,1090810,13.73,174.95,0.53,0.92,,
177,2361,1094337,2143,bronze,972,5679,396,5922,1100691,14.34,185.86,0.36,0.96,,
178,2340,1422898,3704,bronze,1200,7344,467,7325,1427559,15.73,194.89,0.51,1.00,,
179,2338,1079579,2226,bronze,920,5351,395,5725,939693,13.55,164.14,0.39,0.93,,
180,2337,1348506,2432,bronze,1328,5598,462,7036,1114478,12.12,158.40,0.35,0.80,,
181,2333,1290578,3177,silver,1103,5372,409,6719,1065160,13.13,158.53,0.47,0.80,,
182,2329,1118040,1981,bronze,1103,5386,378,5777,1038678,14.25,179.80,0.34,0.93,,
183,2316,1363683,2095,bronze,1180,5312,460,7188,1019977,11.55,141.90,0.29,0.74,,
184,2307,1076056,2605,bronze,989,5171,392,5555,997636,13.19,179.59,0.47,0.93,,
185,2305,1256677,2287,bronze,1164,5297,392,6519,1023621,13.51,157.02,0.35,0.81,,
186,2301,1522440,4249,bronze,1423,7690,496,7969,1463137,15.50,183.60,0.53,0.96,,
187,2278,1274373,2465,bronze,1157,6539,415,6674,1170208,15.76,175.34,0.37,0.98,,
188,2265,1277924,2430,bronze,1064,5473,409,6277,1037333,13.38,165.26,0.39,0.87,,
189,2258,1343289,2623,iron,1240,6638,481,6797,1236955,13.80,181.99,0.39,0.98,,
190,2255,1201983,2387,bronze,1034,6002,404,6481,1106127,14.86,170.67,0.37,0.93,,
191,2233,1212429,2518,bronze,1208,5185,397,6249,997412,13.06,159.61,0.40,0.83,,
192,2233,1232176,3118,bronze,960,6769,414,6274,1249933,16.35,199.22,0.50,1.08,,
193,2228,1355253,3399,bronze,1548,6656,450,7270,1244938,14.79,171.24,0.47,0.92,,
194,2207,1222092,2633,iron,980,6577,430,6567,1291185,15.30,196.62,0.40,1.00,,
195,2195,1304361,2903,bronze,1148,5247,422,6815,1105050,12.43,162.15,0.43,0.77,,
196,2174,1106116,3007,bronze,929,5850,369,5664,1115173,15.85,196.89,0.53,1.03,,
197,2161,1126098,3171,bronze,1076,5360,400,6172,1077213,13.40,174.53,0.51,0.87,,
198,2156,1420374,4627,silver,1277,7130,465,7476,1342273,15.33,179.54,0.62,0.95,,
199,2155,1162558,2627,bronze,986,5713,354,5714,1086609,16.14,190.17,0.46,1.00,,
200,2149,1243674,2579,bronze,971,5065,468,6630,998864,10.82,150.66,0.39,0.76,,
201,2146,1128211,2032,bronze,1079,5617,404,6254,1009591,13.90,161.43,0.32,0.90,,
202,2143,1078873,2008,bronze,956,4925,410,5748,899261,12.01,156.45,0.35,0.86,,
203,2135,1049670,2816,bronze,848,5253,388,5790,1025298,13.54,177.08,0.49,0.91,,
204,2133,1229328,2099,bronze,1044,6491,417,6409,1156229,15.57,180.41,0.33,1.01,,
205,2127,1455561,2464,bronze,956,6604,461,7381,1219549,14.33,165.23,0.33,0.89,,
206,2126,1381220,4838,bronze,1185,7292,451,7083,1404965,16.17,198.36,0.68,1.03,,
207,2124,1536300,3138,silver,990,7244,451,8028,1386193,16.06,172.67,0.39,0.90,,
208,2123,1288287,2334,bronze,986,6266,423,6633,1150537,14.81,173.46,0.35,0.94,,
209,2115,1334804,2549,bronze,1219,6134,472,7210,1116353,13.00,154.83,0.35,0.85,,
210,2114,1075733,2863,bronze,831,5231,399,5656,1023467,13.11,180.95,0.51,0.92,,
211,2109,1148912,2048,bronze,1082,5300,423,6344,995288,12.53,156.89,0.32,0.84,,
212,2108,1164556,2778,bronze,1110,5197,403,6126,996052,12.90,162.59,0.45,0.85,,
213,2104,1349095,3194,bronze,1344,6853,457,7243,1251051,15.00,172.73,0.44,0.95,,
214,2100,1315891,3429,bronze,1116,5997,479,7088,1142048,12.52,161.12,0.48,0.85,,
215,2088,1201074,2967,bronze,1070,5594,393,6238,1104901,14.23,177.12,0.48,0.90,,
216,2072,970707,2094,bronze,709,5350,369,5108,996634,14.50,195.11,0.41,1.05,,
217,2072,1237560,3603,bronze,1014,6407,473,6718,1221400,13.55,181.81,0.54,0.95,,
218,2069,1391843,4646,bronze,873,8491,596,7118,1541966,14.25,216.63,0.65,1.19,,
219,2060,1042924,2048,iron,997,4900,383,5514,959221,12.79,173.96,0.37,0.89,,
220,2052,1123138,2382,bronze,696,5821,420,5814,1082921,13.86,186.26,0.41,1.00,,
221,2049,1147244,3394,bronze,788,6115,422,6042,1160431,14.49,192.06,0.56,1.01,,
222,2045,1219035,4100,bronze,972,6813,400,6370,1323933,17.03,207.84,0.64,1.07,,
223,2026,1105942,2361,bronze,716,5639,422,5629,1109106,13.36,197.03,0.42,1.00,,
224,2021,1027907,2285,bronze,795,5257,361,5285,974492,14.56,184.39,0.43,0.99,,
225,2017,1046429,2358,bronze,766,5139,388,5578,1006926,13.24,180.52,0.42,0.92,,
226,2015,1189755,3005,bronze,1149,5075,433,6405,1021992,11.72,159.56,0.47,0.79,,
227,2015,1229411,2945,bronze,1037,6058,423,6334,1127703,14.32,178.04,0.46,0.96,,
228,2007,1382513,2142,bronze,1189,5923,453,7208,1084533,13.08,150.46,0.30,0.82,,
229,2006,1156919,2066,bronze,965,4713,407,6095,933367,11.58,153.14,0.34,0.77,,
230,2000,1185958,2957,bronze,1066,7016,404,6073,1277476,17.37,210.35,0.49,1.16,,
231,2000,992972,2117,bronze,761,5453,389,5302,1033812,14.02,194.99,0.40,1.03,,
232,1988,979520,2116,bronze,963,4622,346,5220,888332,13.36,170.18,0.41,0.89,,
233,1984,1327334,1980,bronze,1152,5261,464,6933,1002393,11.34,144.58,0.29,0.76,,
234,1984,977474,2262,bronze,876,5377,337,4971,1020630,15.96,205.32,0.46,1.08,,
235,1977,1110665,3246,bronze,729,6172,364,5568,1158758,16.96,208.11,0.58,1.11,,
236,1972,1252664,3964,bronze,1278,5616,431,6668,1091321,13.03,163.67,0.59,0.84,,
237,1971,1025544,2540,bronze,846,4986,353,5508,938400,14.12,170.37,0.46,0.91,,
238,1967,1106178,2505,bronze,1052,5010,368,5654,976098,13.61,172.64,0.44,0.89,,
239,1963,1020630,2240,bronze,898,5042,341,5175,977319,14.79,188.85,0.43,0.97,,
240,1950,1001432,1968,bronze,912,5719,353,5077,1044652,16.20,205.76,0.39,1.13,,
241,1940,1310034,2573,bronze,1197,6106,379,6450,1109218,16.11,171.97,0.40,0.95,,
242,1932,992166,2219,bronze,844,5627,364,5206,1041243,15.46,200.01,0.43,1.08,,
243,1931,1069022,3282,bronze,878,6189,347,5511,1174123,17.84,213.05,0.60,1.12,,
244,1926,1010224,2331,bronze,823,5686,347,5241,1039960,16.39,198.43,0.44,1.08,,
245,1921,1179753,2913,bronze,1076,5715,349,6277,1129877,16.38,180.00,0.46,0.91,,
246,1921,959338,2140,bronze,869,4434,312,5148,941311,14.21,182.85,0.42,0.86,,
247,1919,1182071,5593,bronze,829,8041,545,6578,1467845,14.75,223.14,0.85,1.22,,
248,1795,1206508,2421,bronze,970,6419,399,6600,1172686,16.09,177.68,0.37,0.97,,
249,1793,1089410,2562,bronze,1034,6624,377,5654,1146670,17.57,202.81,0.45,1.17,,
250,1791,1106080,2567,iron,1043,4513,386,5983,874504,11.69,146.16,0.43,0.75,,
251,1789,939880,2136,bronze,959,5341,323,4881,962394,16.54,197.17,0.44,1.09,,
252,1787,975185,2536,bronze,909,5076,347,5193,983762,14.63,189.44,0.49,0.98,,
253,1786,1084410,3393,bronze,936,5410,365,5755,1000626,14.82,173.87,0.59,0.94,,
254,1782,1157395,2359,bronze,992,4770,386,6110,931066,12.36,152.38,0.39,0.78,,
255,1781,1022017,2533,bronze,860,4401,341,5226,869134,12.91,166.31,0.48,0.84,,
256,1780,1027733,2640,bronze,931,5184,344,5489,983535,15.07,179.18,0.48,0.94,,
257,1773,1123579,6290,bronze,907,9668,599,5755,1747895,16.14,303.72,1.09,1.68,,
258,1768,1156207,2350,bronze,919,6057,379,6084,1121596,15.98,184.35,0.39,1.00,,
259,1768,1070840,2445,bronze,886,5103,362,5657,980153,14.10,173.26,0.43,0.90,,
260,1768,1201837,3407,bronze,976,6359,441,6413,1199919,14.42,187.11,0.53,0.99,,
261,1764,1080735,2681,bronze,991,4912,359,5689,914040,13.68,160.67,0.47,0.86,,
262,1762,1295698,2928,bronze,1083,7262,449,7138,1370737,16.17,192.03,0.41,1.02,,
263,1761,973230,2473,bronze,815,4685,318,5154,910812,14.73,176.72,0.48,0.91,,
264,1761,1035899,2820,bronze,892,4674,341,5369,904883,13.71,168.54,0.53,0.87,,
265,1756,1243339,2700,bronze,883,6364,425,6242,1186925,14.97,190.15,0.43,1.02,,
266,1754,1174131,3589,bronze,1110,5696,387,6246,1111907,14.72,178.02,0.57,0.91,,
267,1753,970631,3119,bronze,921,5149,358,5492,992057,14.38,180.64,0.57,0.94,,
268,1752,1128403,3771,bronze,854,5538,440,6007,1040484,12.59,173.21,0.63,0.92,,
269,1751,996074,2238,bronze,817,4988,348,5176,918056,14.33,177.37,0.43,0.96,,
270,1743,1043829,2567,bronze,883,4973,343,5422,925196,14.50,170.64,0.47,0.92,,
271,1743,1148012,3759,bronze,1126,5347,361,5987,1031541,14.81,172.30,0.63,0.89,,
272,1742,938418,2494,bronze,773,4700,311,4708,900154,15.11,191.20,0.53,1.00,,
273,1735,1008477,2769,bronze,893,4641,369,5338,877392,12.58,164.37,0.52,0.87,,
274,1732,1075224,2440,bronze,890,4631,347,5371,876800,13.35,163.25,0.45,0.86,,
275,1730,1012579,3761,bronze,1018,5311,360,5410,961253,14.75,177.68,0.70,0.98,,
276,1717,1032917,2684,bronze,780,5240,334,5330,1008886,15.69,189.28,0.50,0.98,,
277,1712,1013738,2633,bronze,918,5348,331,5367,1047581,16.16,195.19,0.49,1.00,,
278,1707,1013185,1972,bronze,923,5227,372,5339,998397,14.05,187.00,0.37,0.98,,
279,1707,1168861,2195,bronze,1123,5473,421,6912,1016864,13.00,147.12,0.32,0.79,,
280,1703,939774,2550,bronze,860,5028,331,4904,902677,15.19,184.07,0.52,1.03,,
281,1688,1031090,3091,silver,959,6168,366,5578,1129309,16.85,202.46,0.55,1.11,,
282,1686,957357,2623,iron,777,4178,358,5031,803588,11.67,159.73,0.52,0.83,,
283,1685,959483,2205,bronze,839,4412,357,5072,892680,12.36,176.00,0.43,0.87,,
284,1684,1077094,3034,bronze,925,5386,377,5600,1013062,14.29,180.90,0.54,0.96,,
285,1683,978428,3209,bronze,840,5099,314,4986,930263,16.24,186.58,0.64,1.02,,
286,1681,1020522,2871,bronze,776,5001,358,5308,979144,13.97,184.47,0.54,0.94,,
287,1677,1200220,3509,silver,1262,5987,389,6366,1122900,15.39,176.39,0.55,0.94,,
288,1671,990866,2298,bronze,830,5157,323,4829,938252,15.97,194.30,0.48,1.07,,
289,1670,1184306,3168,bronze,1119,5793,367,6065,1092862,15.78,180.19,0.52,0.96,,
290,1669,1128831,3669,bronze,884,6295,409,5781,1129437,15.39,195.37,0.63,1.09,,
291,1666,1390925,4003,bronze,1042,7009,466,7487,1310315,15.04,175.01,0.53,0.94,,
292,1662,1117362,2129,bronze,962,5507,350,5965,1039873,15.73,174.33,0.36,0.92,,
293,1660,1190665,4135,iron,908,6492,387,6182,1256669,16.78,203.28,0.67,1.05,,
294,1658,1043754,2354,bronze,859,6135,356,5303,1140205,17.23,215.01,0.44,1.16,,
295,1652,1010867,2065,bronze,932,5292,334,5249,948212,15.84,180.65,0.39,1.01,,
296,1644,1100903,2844,bronze,929,5069,357,5840,1010453,14.20,173.02,0.49,0.87,,
297,1642,1002974,2187,bronze,801,4741,326,5406,907431,14.54,167.86,0.40,0.88,,
298,1627,1085155,2815,bronze,826,5708,357,5646,1090574,15.99,193.16,0.50,1.01,,
299,1620,1061343,2076,bronze,875,5004,377,5368,909554,13.27,169.44,0.39,0.93,,
300,1611,1114863,3499,bronze,981,5961,393,5838,1134382,15.17,194.31,0.60,1.02,,
301,1610,1283870,3476,bronze,1018,6877,441,6750,1300459,15.59,192.66,0.51,1.02,,
302,1608,997138,3200,bronze,886,5253,348,5286,993327,15.09,187.92,0.61,0.99,,
303,1608,1123511,3010,bronze,1045,6314,387,5799,1150105,16.32,198.33,0.52,1.09,,
304,1606,1087215,2716,bronze,921,4598,377,5634,910202,12.20,161.56,0.48,0.82,,
305,1605,1136733,3457,bronze,876,5880,391,5959,1118902,15.04,187.77,0.58,0.99,,
306,1603,1125564,2225,bronze,1272,4575,367,6052,899153,12.47,148.57,0.37,0.76,,
307,1598,1022017,2612,iron,771,5244,373,5565,968810,14.06,174.09,0.47,0.94,,
308,1592,948633,2408,bronze,851,5006,318,4911,930230,15.74,189.42,0.49,1.02,,
309,1582,983856,3118,bronze,793,4821,328,4987,914291,14.70,183.33,0.63,0.97,,
310,1579,1009401,3866,bronze,889,5887,350,5403,1106435,16.82,204.78,0.72,1.09,,
311,1571,1009520,3330,bronze,750,5135,343,5120,958012,14.97,187.11,0.65,1.00,,
312,1560,936672,2770,bronze,874,4923,292,4716,986783,16.86,209.24,0.59,1.04,,
313,1549,1007052,2647,bronze,835,5480,328,5052,1011281,16.71,200.17,0.52,1.08,,
314,1545,960568,3024,bronze,829,5050,334,4855,939384,15.12,193.49,0.62,1.04,,
315,1544,1131456,2496,bronze,968,5868,414,5837,1069312,14.17,183.20,0.43,1.01,,
316,1537,987438,2617,bronze,891,5283,332,5117,970379,15.91,189.64,0.51,1.03,,
317,1534,1246735,4026,bronze,912,6203,356,6463,1168315,17.42,180.77,0.62,0.96,,
318,1527,1111245,2284,bronze,960,5345,361,5883,947066,14.81,160.98,0.39,0.91,,
319,1519,1099303,3056,bronze,1022,6229,355,5803,1158651,17.55,199.66,0.53,1.07,,
320,1518,966294,1762,iron,764,4109,307,5078,802107,13.38,157.96,0.35,0.81,,
321,1516,957445,2775,bronze,866,4999,318,5196,920454,15.72,177.15,0.53,0.96,,
322,1496,1050639,2664,bronze,969,5034,357,5548,917540,14.10,165.38,0.48,0.91,,
323,1492,1113291,3256,bronze,1067,5963,375,5921,1112903,15.90,187.96,0.55,1.01,,
324,1481,934368,2942,bronze,791,4861,310,4978,976251,15.68,196.11,0.59,0.98,,
325,1481,941599,3219,bronze,783,4517,320,5036,870426,14.12,172.84,0.64,0.90,,
326,1477,1123369,3146,bronze,954,5806,385,6106,1091702,15.08,178.79,0.52,0.95,,
327,1476,961755,2256,bronze,817,4727,350,5097,880910,13.51,172.83,0.44,0.93,,
328,1476,1008813,3375,bronze,934,5510,338,5183,1019190,16.30,196.64,0.65,1.06,,
329,1464,1156021,4492,bronze,1064,6476,424,6209,1170391,15.27,188.50,0.72,1.04,,
330,1458,1031238,2249,bronze,801,4734,374,5411,958442,12.66,177.13,0.42,0.87,,
331,1453,1140206,2817,bronze,852,5567,356,5959,1099992,15.64,184.59,0.47,0.93,,
332,1448,1012921,3004,bronze,963,4720,341,5357,911020,13.84,170.06,0.56,0.88,,
333,1436,961165,2630,bronze,825,5561,337,5347,1004716,16.50,187.90,0.49,1.04,,
334,1425,954185,2141,bronze,829,4916,316,4961,893925,15.56,180.19,0.43,0.99,,
335,1410,1051566,3043,bronze,989,5397,364,5498,1000096,14.83,181.90,0.55,0.98,,
336,1405,967289,2558,bronze,990,4998,319,5191,895776,15.67,172.56,0.49,0.96,,
337,1404,1006703,2923,bronze,753,4974,331,5309,934596,15.03,176.04,0.55,0.94,,
338,1402,949946,2023,bronze,684,5776,334,4961,987970,17.29,199.15,0.41,1.16,,
339,1396,1102304,4380,silver,1032,5833,342,5552,1081409,17.06,194.78,0.79,1.05,,
340,1394,976546,2579,bronze,820,5050,329,5174,940518,15.35,181.78,0.50,0.98,,
341,1379,941139,3121,bronze,882,5467,341,4756,1039578,16.03,218.58,0.66,1.15,,
342,1370,1125232,3256,bronze,911,5196,355,5885,994620,14.64,169.01,0.55,0.88,,
343,1362,1101705,3855,bronze,839,5324,365,5508,1044187,14.59,189.58,0.70,0.97,,
344,1352,1075614,3460,bronze,904,6483,413,6351,1178132,15.70,185.50,0.54,1.02,,
345,1345,970844,3377,bronze,761,5254,343,5195,1041696,15.32,200.52,0.65,1.01,,
346,1345,988611,2910,bronze,886,5245,344,5398,1026709,15.25,190.20,0.54,0.97,,
347,1344,932841,1706,iron,591,4765,368,5048,842062,12.95,166.81,0.34,0.94,,
348,1326,1221426,3837,bronze,861,6465,405,6589,1221465,15.96,185.38,0.58,0.98,,
349,4757,2299164,6510,silver,2241,12615,831,11973,2289676,15.18,191.24,0.54,1.05,,
350,4504,1808971,3364,silver,1693,7176,576,9427,1383589,12.46,146.77,0.36,0.76,,
351,4201,2416563,6413,gold,2252,12136,780,12390,2284886,15.56,184.41,0.52,0.98,,
352,3924,1801384,5404,silver,1555,8647,616,9271,1644343,14.04,177.36,0.58,0.93,,
353,3887,2432586,5566,gold,2045,12537,754,12676,2291535,16.63,180.78,0.44,0.99,,
354,3857,2058431,5329,silver,1843,10707,716,10821,2019745,14.95,186.65,0.49,0.99,,
355,3722,2744922,6504,silver,2295,11091,878,14518,2158536,12.63,148.68,0.45,0.76,,
356,3668,1600273,2954,silver,1826,5757,519,8609,1105250,11.09,128.38,0.34,0.67,,
357,3653,1754931,3832,silver,1673,7713,643,9119,1412130,12.00,154.86,0.42,0.85,,
358,3650,1862224,4024,silver,1629,8575,605,9441,1630781,14.17,172.73,0.43,0.91,,
359,3644,2285999,5675,silver,1913,9272,714,11861,1796336,12.99,151.45,0.48,0.78,,
360,3538,2084432,3958,silver,1909,8914,676,10883,1628560,13.19,149.64,0.36,0.82,,
361,3519,1718042,4173,silver,1548,9277,584,8817,1675501,15.89,190.03,0.47,1.05,,
362,3418,1423899,3471,silver,1383,6723,516,7781,1346943,13.03,173.11,0.45,0.86,,
363,3417,1804983,4337,silver,1594,7886,579,9458,1559220,13.62,164.86,0.46,0.83,,
364,3372,1811710,4424,silver,1384,8884,607,9242,1631011,14.64,176.48,0.48,0.96,,
365,3369,1418538,3318,silver,1504,5836,480,7397,1147933,12.16,155.19,0.45,0.79,,
366,3365,1733901,4913,silver,1703,8948,560,8790,1689069,15.98,192.16,0.56,1.02,,
367,3364,1764914,4424,silver,1562,8721,595,9220,1646493,14.66,178.58,0.48,0.95,,
368,3347,1519642,2993,silver,1472,6574,547,7853,1277259,12.02,162.65,0.38,0.84,,
369,3302,1991625,5161,silver,1740,9537,672,10401,1778714,14.19,171.01,0.50,0.92,,
370,3301,1360028,2993,silver,1196,6963,519,7433,1341024,13.42,180.41,0.40,0.94,,
371,3252,1438310,3345,silver,1231,7729,503,7570,1460493,15.37,192.93,0.44,1.02,,
372,3224,1525470,4024,silver,1364,7345,551,7785,1380163,13.33,177.28,0.52,0.94,,
373,3217,1712589,3244,silver,1612,6682,586,9141,1250031,11.40,136.75,0.35,0.73,,
374,3191,1540690,3520,silver,1349,6749,526,8114,1301475,12.83,160.40,0.43,0.83,,
375,3190,1551636,2991,silver,1450,7487,520,8295,1413751,14.40,170.43,0.36,0.90,,
376,3155,1940003,5861,silver,1811,9370,584,9881,1859043,16.04,188.14,0.59,0.95,,
377,3139,1374496,3181,silver,1190,6952,491,7361,1290877,14.16,175.37,0.43,0.94,,
378,3126,1477151,4206,silver,1291,8032,503,7526,1498184,15.97,199.07,0.56,1.07,,
379,3124,1660640,2990,bronze,1280,7933,567,8721,1535500,13.99,176.07,0.34,0.91,,
380,3122,1471392,2948,silver,1315,8022,502,7825,1529202,15.98,195.43,0.38,1.03,,
381,3107,1966244,4833,silver,1846,8944,621,10131,1673192,14.40,165.16,0.48,0.88,,
382,3062,1879389,4605,silver,1627,9449,598,9346,1756756,15.80,187.97,0.49,1.01,,
383,3050,1662690,3934,gold,1324,9508,568,8277,1731936,16.74,209.25,0.48,1.15,,
384,3049,2020668,6430,silver,1626,9890,712,10497,1839336,13.89,175.22,0.61,0.94,,
385,3045,1421662,3875,silver,1369,6651,474,7495,1307000,14.03,174.38,0.52,0.89,,
386,3039,1594165,3663,silver,1232,8422,540,7993,1548385,15.60,193.72,0.46,1.05,,
387,3031,1449018,3697,silver,1207,6774,479,7598,1428817,14.14,188.05,0.49,0.89,,
388,3027,1598308,3374,silver,1538,7146,500,8427,1286911,14.29,152.71,0.40,0.85,,
389,3025,1760334,3981,gold,1515,8582,566,9186,1675533,15.16,182.40,0.43,0.93,,
390,3018,1491230,3565,silver,1247,7363,482,7686,1458682,15.28,189.78,0.46,0.96,,
391,2999,1895980,4503,bronze,1673,9009,639,9927,1648121,14.10,166.02,0.45,0.91,,
392,2979,1427795,2986,silver,1448,7347,539,7432,1319699,13.63,177.57,0.40,0.99,,
393,2972,1283028,4243,silver,1479,5890,424,6783,1163134,13.89,171.48,0.63,0.87,,
394,2971,1380759,3647,silver,1193,6762,472,7249,1319108,14.33,181.97,0.50,0.93,,
395,2944,1719789,3872,silver,1401,8991,590,9068,1737756,15.24,191.64,0.43,0.99,,
396,2926,1603026,3950,silver,1451,8734,532,8565,1599759,16.42,186.78,0.46,1.02,,
397,2910,1515298,5216,silver,1139,8104,540,8112,1514577,15.01,186.71,0.64,1.00,,
398,2908,1435050,3575,silver,1271,8251,526,7599,1539492,15.69,202.59,0.47,1.09,,
399,2901,1769382,3224,bronze,1247,7749,617,8722,1539291,12.56,176.48,0.37,0.89,,
400,2883,1799033,4870,silver,1473,8109,547,9391,1496143,14.82,159.32,0.52,0.86,,
401,2867,1373731,3039,silver,1383,5571,450,7144,1062813,12.38,148.77,0.43,0.78,,
402,2853,1359108,2931,silver,1245,6183,445,7143,1145065,13.89,160.31,0.41,0.87,,
403,2844,1713773,3893,silver,1528,6960,520,8845,1343612,13.38,151.91,0.44,0.79,,
404,2819,1485828,3295,silver,1323,7365,514,7717,1368107,14.33,177.28,0.43,0.95,,
405,2818,1445414,3737,silver,1235,7586,547,7488,1406781,13.87,187.87,0.50,1.01,,
406,2814,1404293,3512,silver,1102,6531,472,7131,1202568,13.84,168.64,0.49,0.92,,
407,2806,1681422,3480,silver,1413,7459,555,8966,1533082,13.44,170.99,0.39,0.83,,
408,2806,1524647,3404,silver,1452,7607,467,7745,1470812,16.29,189.90,0.44,0.98,,
409,2797,1519700,3838,silver,1436,7318,501,7916,1363778,14.61,172.28,0.48,0.92,,
410,2795,1303776,3448,silver,1103,6135,448,6851,1202696,13.69,175.55,0.50,0.90,,
411,2785,1321643,3516,silver,1204,6761,480,7100,1253920,14.09,176.61,0.50,0.95,,
412,2784,1719073,5120,silver,1424,9233,567,8792,1791964,16.28,203.82,0.58,1.05,,
413,2783,1164350,3376,silver,941,7909,417,5683,1459284,18.97,256.78,0.59,1.39,,
414,2781,1643980,4589,silver,1538,8687,551,8686,1566326,15.77,180.33,0.53,1.00,,
415,2769,1578965,3910,silver,1488,7399,511,8239,1415538,14.48,171.81,0.47,0.90,,
416,2765,1501664,3519,silver,1271,8002,523,7953,1518821,15.30,190.97,0.44,1.01,,
417,2746,2082685,5944,silver,1920,11210,656,11062,2032429,17.09,183.73,0.54,1.01,,
418,2722,1480488,4768,bronze,1344,7927,489,7782,1489263,16.21,191.37,0.61,1.02,,
419,2718,2095148,6762,silver,1757,10183,651,10728,1944649,15.64,181.27,0.63,0.95,,
420,2710,1484921,4044,silver,1269,7489,490,7562,1450743,15.28,191.85,0.53,0.99,,
421,2708,1776575,5125,silver,1523,8149,577,9135,1556371,14.12,170.37,0.56,0.89,,
422,2704,1302611,3390,silver,1080,6530,449,6670,1248029,14.54,187.11,0.51,0.98,,
423,2701,1181622,2490,bronze,1086,6381,391,6041,1285735,16.32,212.83,0.41,1.06,,
424,2700,1217750,3353,silver,1130,5992,432,6581,1158331,13.87,176.01,0.51,0.91,,
425,2690,1786311,4562,silver,1493,7906,556,9224,1556795,14.22,168.78,0.49,0.86,,
426,2681,1750581,4490,silver,1684,6745,641,9275,1273446,10.52,137.30,0.48,0.73,,
427,2674,1683821,6131,silver,1367,9201,578,9175,1755637,15.92,191.35,0.67,1.00,,
428,2656,1996189,7450,silver,2025,11865,678,10625,2159666,17.50,203.26,0.70,1.12,,
429,2654,1585565,4485,silver,1372,8965,527,8298,1629260,17.01,196.34,0.54,1.08,,
430,2639,1370282,3132,silver,1278,6575,501,7149,1253306,13.12,175.31,0.44,0.92,,
431,2436,1434950,3989,silver,1124,8052,507,7325,1490059,15.88,203.42,0.54,1.10,,
432,2429,1506354,4660,silver,1332,8331,491,7920,1559137,16.97,196.86,0.59,1.05,,
433,2428,1264172,2504,bronze,1205,6051,445,6756,1199735,13.60,177.58,0.37,0.90,,
434,2427,1350392,3466,silver,1080,7461,439,6847,1397573,17.00,204.11,0.51,1.09,,
435,2409,1424935,3169,silver,1182,6797,473,7418,1319442,14.37,177.87,0.43,0.92,,
436,2391,1463286,4841,silver,1297,7098,503,7660,1375005,14.11,179.50,0.63,0.93,,
437,2391,1520920,3443,silver,1362,6781,511,7965,1275358,13.27,160.12,0.43,0.85,,
438,2388,1343029,3495,silver,1109,6742,444,7002,1268549,15.18,181.17,0.50,0.96,,
439,2373,1445465,4720,silver,1321,7139,457,7572,1394705,15.62,184.19,0.62,0.94,,
440,2368,1305598,3484,silver,1198,5794,393,7001,1066862,14.74,152.39,0.50,0.83,,
441,2365,1202000,2080,bronze,1172,5258,373,6508,971851,14.10,149.33,0.32,0.81,,
442,2361,1314291,3945,silver,1157,6602,429,7017,1270904,15.39,181.12,0.56,0.94,,
443,2359,1291384,4459,silver,1149,6608,457,6747,1254966,14.46,186.00,0.66,0.98,,
444,2356,1206736,3411,silver,1192,6478,436,6428,1226424,14.86,190.79,0.53,1.01,,
445,2351,1225986,3690,silver,1166,5623,410,6519,1096693,13.71,168.23,0.57,0.86,,
446,2350,1241822,3738,silver,920,6576,487,6591,1233434,13.50,187.14,0.57,1.00,,
447,2350,1300649,3133,silver,1221,6653,443,6779,1300668,15.02,191.87,0.46,0.98,,
448,2350,1331052,3241,silver,1309,6372,459,6863,1194274,13.88,174.02,0.47,0.93,,
449,2349,1393909,4107,silver,1161,8057,468,6928,1535225,17.22,221.60,0.59,1.16,,
450,2341,1158579,3249,silver,1149,8234,383,5907,1445314,21.50,244.68,0.55,1.39,,
451,2337,1134896,2957,silver,1003,5784,363,5894,1128561,15.93,191.48,0.50,0.98,,
452,2336,1251425,2957,silver,1093,6529,413,6521,1194251,15.81,183.14,0.45,1.00,,
453,2331,1548483,3872,silver,1109,8290,493,8320,1499317,16.82,180.21,0.47,1.00,,
454,2328,1357842,2666,bronze,1005,6875,445,6908,1243584,15.45,180.02,0.39,1.00,,
455,2327,1394017,3200,silver,1071,6928,556,7353,1353641,12.46,184.09,0.44,0.94,,
456,2311,1440198,3568,silver,1373,5882,479,7874,1208497,12.28,153.48,0.45,0.75,,
457,2301,1411229,4967,silver,1159,8363,510,7143,1542859,16.40,216.00,0.70,1.17,,
458,2298,1242682,3054,silver,1028,6625,439,6547,1230811,15.09,188.00,0.47,1.01,,
459,2170,1152114,3068,silver,1050,6431,380,5930,1187518,16.92,200.26,0.52,1.08,,
460,2167,1165990,2996,silver,1129,5605,366,5990,1100457,15.31,183.72,0.50,0.94,,
461,2167,1295541,3166,silver,1206,6139,401,6776,1206237,15.31,178.02,0.47,0.91,,
462,2165,1418570,2889,silver,1029,7169,446,7309,1275120,16.07,174.46,0.40,0.98,,
463,2163,1173750,4160,silver,994,6211,379,5957,1206260,16.39,202.49,0.70,1.04,,
464,2162,1134756,3334,gold,1045,6717,392,5966,1318232,17.14,220.96,0.56,1.13,,
465,2159,1364587,3049,silver,1221,5857,438,7002,1148799,13.37,164.07,0.44,0.84,,
466,2158,1116143,2858,silver,1039,6384,351,5691,1176275,18.19,206.69,0.50,1.12,,
467,2158,1563703,3968,silver,1357,7009,561,8316,1350209,12.49,162.36,0.48,0.84,,
468,2154,1362175,3559,silver,1284,6453,430,7231,1232009,15.01,170.38,0.49,0.89,,
469,2151,1142375,2850,silver,921,6188,400,6029,1177098,15.47,195.24,0.47,1.03,,
470,2151,1119973,3267,silver,979,6748,353,5915,1257111,19.12,212.53,0.55,1.14,,
471,2150,1378245,6479,silver,1180,9981,611,7019,1848046,16.34,263.29,0.92,1.42,,
472,2148,1146419,3425,silver,863,6102,405,6015,1101785,15.07,183.17,0.57,1.01,,
473,2142,1203271,3993,silver,1097,6011,427,6472,1131342,14.08,174.81,0.62,0.93,,
474,2135,1424840,3096,silver,1276,6688,429,7459,1273640,15.59,170.75,0.42,0.90,,
475,2130,1276716,2923,silver,1099,5970,431,6721,1175687,13.85,174.93,0.43,0.89,,
476,2126,1240011,3405,silver,1131,6002,400,6452,1136689,15.01,176.18,0.53,0.93,,
477,2124,1219609,3553,silver,984,6755,405,6404,1258667,16.68,196.54,0.55,1.05,,
478,2116,1149095,3366,silver,992,6015,402,5913,1146181,14.96,193.84,0.57,1.02,,
479,2108,1702608,6626,gold,1582,9272,535,9051,1817172,17.33,200.77,0.73,1.02,,
480,2087,1336210,5061,silver,1178,8032,430,6906,1518539,18.68,219.89,0.73,1.16,,
481,2084,1269406,3555,silver,920,6276,412,6599,1245954,15.23,188.81,0.54,0.95,,
482,2081,1430532,4198,silver,1068,7537,508,7475,1459018,14.84,195.19,0.56,1.01,,
483,2080,1230350,4212,gold,1119,6469,386,6333,1269410,16.76,200.44,0.67,1.02,,
484,2079,1301063,4329,silver,1088,6461,420,6446,1253427,15.38,194.45,0.67,1.00,,
485,2079,1206399,3411,silver,945,6327,429,6119,1263228,14.75,206.44,0.56,1.03,,
486,2079,1131907,3915,silver,1106,5638,389,5974,1082269,14.49,181.16,0.66,0.94,,
487,2077,1336834,4591,silver,1045,7536,444,6692,1387956,16.97,207.41,0.69,1.13,,
488,2068,1122548,3553,silver,853,5803,391,5943,1108028,14.84,186.44,0.60,0.98,,
489,2057,1219707,2251,bronze,1069,5891,419,6306,1063656,14.06,168.67,0.36,0.93,,
490,2057,1130877,3631,silver,846,6105,388,5814,1155990,15.73,198.83,0.62,1.05,,
491,2057,1144446,3205,silver,883,6047,420,6058,1174629,14.40,193.90,0.53,1.00,,
492,2051,1111542,3126,silver,954,5903,355,5678,1113618,16.63,196.13,0.55,1.04,,
493,2045,1393569,3907,silver,1350,6933,453,7443,1367090,15.30,183.67,0.52,0.93,,
494,2044,1318697,4123,silver,1242,5453,449,7116,1071236,12.14,150.54,0.58,0.77,,
495,2030,1130440,2928,silver,1001,5519,424,6084,1090471,13.02,179.24,0.48,0.91,,
496,2023,1333535,3112,bronze,1112,7168,420,6665,1347974,17.07,202.25,0.47,1.08,,
497,2021,1263131,3332,silver,1031,6883,464,6655,1250494,14.83,187.90,0.50,1.03,,
498,2017,1152728,3048,silver,948,6046,385,5771,1161527,15.70,201.27,0.53,1.05,,
499,2003,1682867,6103,silver,1401,8382,555,8987,1606074,15.10,178.71,0.68,0.93,,
500,2002,1558214,4208,silver,1189,7756,507,7962,1405469,15.30,176.52,0.53,0.97,,
501,2002,1539330,6314,gold,1147,8591,507,8076,1640327,16.94,203.11,0.78,1.06,,
502,1996,1216967,3789,silver,845,6834,387,6115,1326053,17.66,216.85,0.62,1.12,,
503,1990,1259864,3773,silver,1049,6272,414,6366,1226217,15.15,192.62,0.59,0.99,,
504,1987,1114634,3695,silver,871,5792,393,5810,1096576,14.74,188.74,0.64,1.00,,
505,1979,1267436,4310,silver,1103,6916,446,6803,1318962,15.51,193.88,0.63,1.02,,
506,1977,1182512,2936,bronze,1119,4818,358,6105,944401,13.46,154.69,0.48,0.79,,
507,1965,1650725,5783,silver,1286,8566,536,8628,1584907,15.98,183.69,0.67,0.99,,
508,1960,1273689,4647,silver,972,7160,465,6654,1371028,15.40,206.05,0.70,1.08,,
509,1959,1324165,3946,silver,1155,6276,415,6977,1177840,15.12,168.82,0.57,0.90,,
510,1958,1561976,5468,silver,1533,8286,510,8353,1546444,16.25,185.14,0.65,0.99,,
511,1955,1249156,4377,gold,989,6453,422,6337,1240189,15.29,195.71,0.69,1.02,,
512,1953,1738965,5291,silver,1311,9032,574,9043,1656494,15.74,183.18,0.59,1.00,,
513,1951,1130871,2910,silver,966,5512,394,5967,1069608,13.99,179.25,0.49,0.92,,
514,1945,1275591,3503,silver,1129,6505,425,6726,1248595,15.31,185.64,0.52,0.97,,
515,1928,1120372,4440,silver,1045,7220,415,5879,1324026,17.40,225.21,0.76,1.23,,
516,1927,1128391,3326,silver,1021,5718,371,5903,1099348,15.41,186.24,0.56,0.97,,
517,1920,1149177,4159,silver,1028,6085,394,6088,1125424,15.44,184.86,0.68,1.00,,
518,1914,1291077,3559,silver,1049,7290,443,6745,1316390,16.46,195.17,0.53,1.08,,
519,1911,1136066,4461,silver,984,5783,398,5866,1111287,14.53,189.45,0.76,0.99,,
520,1907,1144915,3486,silver,890,6255,376,5789,1170538,16.64,202.20,0.60,1.08,,
521,1906,1149659,3501,silver,1096,5630,387,6096,1094338,14.55,179.52,0.57,0.92,,
522,1902,1132195,3003,silver,913,6452,378,5910,1225353,17.07,207.34,0.51,1.09,,
523,1898,1271352,3404,silver,1090,6868,421,6529,1326510,16.31,203.17,0.52,1.05,,
524,1890,1295606,2846,silver,1012,6215,436,6888,1112768,14.25,161.55,0.41,0.90,,
525,1884,1248493,3638,silver,1134,6498,401,6611,1212051,16.20,183.34,0.55,0.98,,
526,1884,1144680,4030,silver,1141,6653,372,5962,1288482,17.88,216.12,0.68,1.12,,
527,1882,1137109,4030,silver,994,6057,353,5912,1117493,17.16,189.02,0.68,1.02,,
528,1882,1250732,3835,silver,1025,6650,407,6364,1269401,16.34,199.47,0.60,1.04,,
529,1881,1133561,3446,gold,1036,6323,370,5832,1221650,17.09,209.47,0.59,1.08,,
530,1871,1637963,5573,silver,1503,7918,500,8348,1516338,15.84,181.64,0.67,0.95,,
531,1855,1135817,3806,silver,903,6930,414,5798,1285504,16.74,221.72,0.66,1.20,,
532,1852,1326444,3694,silver,1003,6420,441,6712,1224301,14.56,182.40,0.55,0.96,,
533,1840,1160118,3988,silver,1042,5801,402,6094,1060011,14.43,173.94,0.65,0.95,,
534,1839,1239186,4054,silver,1226,6428,404,6508,1230901,15.91,189.14,0.62,0.99,,
535,1836,1305834,3713,silver,1123,7350,443,6717,1367094,16.59,203.53,0.55,1.09,,
536,1820,1107817,2825,silver,808,5609,372,5851,1099490,15.08,187.91,0.48,0.96,,
537,1816,1283076,3664,silver,1046,7033,420,6568,1304425,16.75,198.60,0.56,1.07,,
538,1810,1193596,4014,silver,1158,6302,410,6373,1200618,15.37,188.39,0.63,0.99,,
539,1795,1110978,2754,bronze,953,5650,403,5749,1083233,14.02,188.42,0.48,0.98,,
540,1790,1106488,3544,silver,916,5766,364,5757,1082082,15.84,187.96,0.62,1.00,,
541,1781,1127643,3427,silver,1096,5691,360,6009,1108113,15.81,184.41,0.57,0.95,,
542,1780,1168387,4198,silver,1026,5938,394,5982,1114639,15.07,186.33,0.70,0.99,,
543,1780,1251506,4117,silver,1145,6582,395,6473,1261516,16.66,194.89,0.64,1.02,,
544,1779,1114965,3425,silver,865,5545,398,5911,1071019,13.93,181.19,0.58,0.94,,
545,1769,1138126,3663,silver,1097,5424,371,6006,1071264,14.62,178.37,0.61,0.90,,
546,1750,1142562,3210,silver,951,5920,400,5971,1087026,14.80,182.05,0.54,0.99,,
547,1744,1133623,3571,silver,1012,6021,368,5879,1101192,16.36,187.31,0.61,1.02,,
548,1730,1214494,3739,silver,979,6022,375,6001,1159662,16.06,193.24,0.62,1.00,,
549,1719,1377906,5700,gold,1287,8771,465,6988,1664357,18.86,238.17,0.82,1.26,,
550,1714,1169850,3347,silver,909,5811,358,5795,1097811,16.23,189.44,0.58,1.00,,
551,1704,1290245,5152,silver,1231,7446,438,6894,1430212,17.00,207.46,0.75,1.08,,
552,1673,1249419,4500,silver,1151,6536,408,6443,1244319,16.02,193.13,0.70,1.01,,
553,1672,1132302,3654,silver,1015,5576,370,5967,1080687,15.07,181.11,0.61,0.93,,
554,1653,1287961,3925,silver,1108,7275,454,6920,1346189,16.02,194.54,0.57,1.05,,
555,5032,2569575,5087,gold,2967,10600,759,14404,2041020,13.97,141.70,0.35,0.74,,
556,4431,2402970,6065,gold,2299,9789,744,12401,1884430,13.16,151.96,0.49,0.79,,
557,4416,1651069,3405,gold,1542,8906,598,8565,1581033,14.89,184.59,0.40,1.04,,
558,4314,2445411,8060,gold,2142,14516,872,12602,2706960,16.65,214.80,0.64,1.15,,
559,4289,2146829,3748,gold,2018,9158,658,11030,1858291,13.92,168.48,0.34,0.83,,
560,4191,1450009,3377,gold,1382,7062,532,7757,1357519,13.27,175.01,0.44,0.91,,
561,4167,2412498,7240,gold,2061,13503,771,12193,2599630,17.51,213.21,0.59,1.11,,
562,4106,1749765,3450,gold,1691,6700,531,8701,1302669,12.62,149.71,0.40,0.77,,
563,4073,1776136,4236,silver,1774,7887,564,9165,1610227,13.98,175.69,0.46,0.86,,
564,3964,1787698,5460,gold,1553,9075,576,9446,1756643,15.76,185.97,0.58,0.96,,
565,3901,1318280,3611,gold,1167,6765,511,6981,1210071,13.24,173.34,0.52,0.97,,
566,3890,2144627,5498,gold,1961,9269,710,11291,1764473,13.05,156.27,0.49,0.82,,
567,3884,1754631,3703,gold,1650,8263,522,8563,1575586,15.83,184.00,0.43,0.96,,
568,3810,1817354,5139,gold,1793,8986,589,9644,1712186,15.26,177.54,0.53,0.93,,
569,3742,1898685,5539,gold,1835,9347,614,9974,1862964,15.22,186.78,0.56,0.94,,
570,3617,1480166,4284,gold,1446,7652,517,7573,1419498,14.80,187.44,0.57,1.01,,
571,3559,1754201,3892,gold,1595,8128,524,9224,1496558,15.51,162.25,0.42,0.88,,
572,3496,1729430,4620,gold,1448,8390,586,9099,1657625,14.32,182.18,0.51,0.92,,
573,3468,1478081,3727,gold,1280,8902,529,7733,1631205,16.83,210.94,0.48,1.15,,
574,3453,1636827,4384,gold,1470,7649,532,8454,1499771,14.38,177.40,0.52,0.90,,
575,3429,1741602,4593,gold,1603,8769,581,9161,1725868,15.09,188.39,0.50,0.96,,
576,3404,1775518,4301,gold,1512,8836,558,9316,1709550,15.84,183.51,0.46,0.95,,
577,3400,2223349,5120,gold,1879,10006,692,11593,1922030,14.46,165.79,0.44,0.86,,
578,3332,1641935,3314,gold,1578,6291,531,8401,1213536,11.85,144.45,0.39,0.75,,
579,3327,1407447,3954,gold,1253,7760,487,7030,1446391,15.93,205.75,0.56,1.10,,
580,3304,1512833,3339,gold,1238,6711,459,7479,1333825,14.62,178.34,0.45,0.90,,
581,3289,1570821,3817,gold,1260,7608,542,8180,1460332,14.04,178.52,0.47,0.93,,
582,3259,1444376,4477,gold,1307,7634,490,7483,1505565,15.58,201.20,0.60,1.02,,
583,3232,1674531,4991,gold,1617,8989,578,8808,1730991,15.55,196.52,0.57,1.02,,
584,3194,1655990,3346,gold,1553,6899,507,8541,1297874,13.61,151.96,0.39,0.81,,
585,3186,1610919,5206,gold,1444,8598,577,8503,1691557,14.90,198.94,0.61,1.01,,
586,3151,1727934,4372,gold,1627,7930,590,9061,1482879,13.44,163.66,0.48,0.88,,
587,3147,1638685,5373,gold,1434,7853,521,8491,1574081,15.07,185.38,0.63,0.92,,
588,3128,1516861,3463,gold,1268,6687,559,7989,1325173,11.96,165.87,0.43,0.84,,
589,3110,1634240,4574,gold,1553,8182,556,8513,1537672,14.72,180.63,0.54,0.96,,
590,3110,1541642,4158,platinum,1423,6881,510,8106,1308751,13.49,161.45,0.51,0.85,,
591,3107,1986947,6607,gold,2035,10761,656,10446,2026653,16.40,194.01,0.63,1.03,,
592,3091,1718225,4072,gold,1756,7134,563,8905,1358854,12.67,152.59,0.46,0.80,,
593,3064,1375470,3536,gold,1228,6932,460,6905,1286357,15.07,186.29,0.51,1.00,,
594,3049,1524596,3618,gold,1253,7746,515,7874,1465936,15.04,186.17,0.46,0.98,,
595,3042,1826219,5177,gold,1656,9679,631,9461,1771826,15.34,187.28,0.55,1.02,,
596,3036,1640153,4604,platinum,1546,7413,507,8267,1418678,14.62,171.61,0.56,0.90,,
597,3027,1414759,3467,gold,1233,6248,476,7319,1199140,13.13,163.84,0.47,0.85,,
598,3005,1566737,5762,gold,1425,8303,593,8668,1521891,14.00,175.58,0.66,0.96,,
599,2984,1455352,3637,silver,1346,7294,491,7688,1395258,14.86,181.49,0.47,0.95,,
600,2947,1518732,3743,gold,1698,6557,460,8067,1265245,14.25,156.84,0.46,0.81,,
601,2946,1411859,3470,gold,1325,6432,477,7431,1248301,13.48,167.99,0.47,0.87,,
602,2923,1525422,4462,gold,1498,6876,464,7815,1280184,14.82,163.81,0.57,0.88,,
603,2922,1994403,6530,gold,1831,10155,632,10105,1920609,16.07,190.07,0.65,1.00,,
604,2915,1345023,3576,silver,1330,6339,423,6990,1242029,14.99,177.69,0.51,0.91,,
605,2896,1764546,4031,gold,1549,8636,551,9147,1612259,15.67,176.26,0.44,0.94,,
606,2879,1810477,5418,silver,1898,7407,562,9512,1441021,13.18,151.50,0.57,0.78,,
607,2874,1873920,6272,silver,1533,8506,660,9719,1631705,12.89,167.89,0.65,0.88,,
608,2855,1371555,3608,gold,1253,5827,478,6989,1139158,12.19,162.99,0.52,0.83,,
609,2852,1933740,6607,gold,1475,8687,551,10393,1736731,15.77,167.11,0.64,0.84,,
610,2844,1822052,4612,gold,1650,8081,549,9439,1578281,14.72,167.21,0.49,0.86,,
611,2843,1440961,3966,gold,1194,6926,493,7443,1365789,14.05,183.50,0.53,0.93,,
612,2843,1549361,5995,gold,1566,9130,547,8468,1694977,16.69,200.16,0.71,1.08,,
613,2841,1423400,4182,gold,1238,6739,476,7264,1271356,14.16,175.02,0.58,0.93,,
614,2838,1832070,5521,gold,1639,8854,573,9382,1629818,15.45,173.72,0.59,0.94,,
615,2828,1311281,4824,gold,1109,7166,443,6506,1390225,16.18,213.68,0.74,1.10,,
616,2827,1685841,5898,gold,1577,8462,520,8512,1611409,16.27,189.31,0.69,0.99,,
617,2819,1454759,5269,gold,1348,7221,508,7470,1363767,14.21,182.57,0.71,0.97,,
618,2812,1582616,3944,gold,1231,7854,479,7844,1622812,16.40,206.89,0.50,1.00,,
619,2804,1440691,4110,gold,1115,7197,473,7772,1443507,15.22,185.73,0.53,0.93,,
620,2797,1301442,4225,gold,1160,6518,460,6802,1247414,14.17,183.39,0.62,0.96,,
621,2795,1668555,4901,gold,1681,7580,545,8790,1462999,13.91,166.44,0.56,0.86,,
622,2793,1495580,3780,gold,1300,8517,526,7930,1571502,16.19,198.17,0.48,1.07,,
623,2793,1547622,3552,platinum,1381,6987,490,8079,1276787,14.26,158.04,0.44,0.86,,
624,2792,1370213,3317,gold,1085,7704,472,7162,1489945,16.32,208.03,0.46,1.08,,
625,2792,1349341,3502,silver,1162,6545,475,7085,1315905,13.78,185.73,0.49,0.92,,
626,2789,1381136,4633,gold,1213,7215,443,7007,1384147,16.29,197.54,0.66,1.03,,
627,2788,1526715,4088,silver,1190,7131,521,7856,1377797,13.69,175.38,0.52,0.91,,
628,2786,1412501,5022,gold,1144,7725,514,7427,1486933,15.03,200.21,0.68,1.04,,
629,2779,1306134,4035,gold,1223,6499,440,6473,1213218,14.77,187.43,0.62,1.00,,
630,2770,1573176,5278,gold,1478,8144,522,8112,1535589,15.60,189.30,0.65,1.00,,
631,2759,1505720,4200,gold,1110,7147,541,7645,1381047,13.21,180.65,0.55,0.93,,
632,2757,1775534,5479,silver,1635,8794,548,8832,1622464,16.05,183.70,0.62,1.00,,
633,2756,1610737,5179,gold,1384,8157,546,8332,1565335,14.94,187.87,0.62,0.98,,
634,2754,1788051,4712,gold,1654,9339,606,9427,1806800,15.41,191.66,0.50,0.99,,
635,2751,1542392,3613,gold,1390,8185,515,8216,1549921,15.89,188.65,0.44,1.00,,
636,2741,1756887,7619,gold,1522,10194,574,9128,1909455,17.76,209.19,0.83,1.12,,
637,2740,1515734,3253,gold,1466,6774,477,7934,1257608,14.20,158.51,0.41,0.85,,
638,2730,1471562,3496,gold,1188,7054,521,7557,1348528,13.54,178.45,0.46,0.93,,
639,2729,1413407,3807,gold,1321,6716,466,7402,1269081,14.41,171.45,0.51,0.91,,
640,2709,1419592,4174,gold,1367,6549,479,7248,1207786,13.67,166.64,0.58,0.90,,
641,2707,1597672,5282,gold,1465,8209,526,8337,1595785,15.61,191.41,0.63,0.98,,
642,2706,1269409,3839,gold,1144,6890,412,6382,1330903,16.72,208.54,0.60,1.08,,
643,2698,1564220,3847,gold,1455,6704,488,8122,1295608,13.74,159.52,0.47,0.83,,
644,2687,1320950,3979,gold,1241,7060,430,7103,1349922,16.42,190.05,0.56,0.99,,
645,2684,1418981,3667,gold,1234,6839,484,7560,1354002,14.13,179.10,0.49,0.90,,
646,2673,1336809,4136,gold,1175,6633,446,6839,1277585,14.87,186.81,0.60,0.97,,
647,2670,1737292,6183,gold,1534,8853,534,8900,1680054,16.58,188.77,0.69,0.99,,
648,2660,1274700,3828,gold,1238,6048,406,6699,1199283,14.90,179.02,0.57,0.90,,
649,2651,1341905,3766,gold,1316,5786,422,6921,1142441,13.71,165.07,0.54,0.84,,
650,2648,1505604,3689,gold,1277,7295,498,7639,1368038,14.65,179.09,0.48,0.95,,
651,2646,1438031,4016,gold,1169,7864,467,7867,1484293,16.84,188.67,0.51,1.00,,
652,2644,1571712,6092,gold,1505,8406,489,8086,1576649,17.19,194.99,0.75,1.04,,
653,2642,1257377,3400,gold,1113,6440,436,6577,1259267,14.77,191.47,0.52,0.98,,
654,2641,1427626,3619,silver,1293,6880,471,7320,1327749,14.61,181.39,0.49,0.94,,
655,2636,1400215,5025,gold,1513,7337,452,7076,1412251,16.23,199.58,0.71,1.04,,
656,2630,1764491,5345,gold,1730,7199,551,9352,1373690,13.07,146.89,0.57,0.77,,
657,2617,1690855,6761,gold,1575,9866,538,8699,1833583,18.34,210.78,0.78,1.13,,
658,2615,1390017,3836,silver,1363,6330,464,7520,1175830,13.64,156.36,0.51,0.84,,
659,2599,1656441,5056,gold,1529,7545,540,8944,1453976,13.97,162.56,0.57,0.84,,
660,2590,1168575,3930,gold,1039,6608,398,6022,1255010,16.60,208.40,0.65,1.10,,
661,2585,1336009,4395,gold,1407,7459,453,6848,1457017,16.47,212.77,0.64,1.09,,
662,2584,1517486,4578,gold,1189,7309,495,7891,1421906,14.77,180.19,0.58,0.93,,
663,2584,1289796,3164,silver,1126,6372,432,6687,1230816,14.75,184.06,0.47,0.95,,
664,2583,1341903,3751,gold,1274,6268,436,7075,1233090,14.38,174.29,0.53,0.89,,
665,2581,1362005,3818,silver,1070,7812,484,6989,1460729,16.14,209.00,0.55,1.12,,
666,2575,1349232,3936,gold,1351,6452,434,7072,1250583,14.87,176.84,0.56,0.91,,
667,2574,1276480,3955,gold,1368,6320,440,6609,1203667,14.36,182.13,0.60,0.96,,
668,2571,1328614,4119,gold,1086,7594,463,6835,1468862,16.40,214.90,0.60,1.11,,
669,2571,1520799,4300,gold,1486,7306,520,8005,1369603,14.05,171.09,0.54,0.91,,
670,2568,1744616,5639,platinum,1794,8144,538,9162,1546039,15.14,168.74,0.62,0.89,,
671,2568,1679613,4017,gold,1346,9673,581,8817,1781344,16.65,202.04,0.46,1.10,,
672,2566,1427477,4300,gold,1238,7726,506,7339,1415891,15.27,192.93,0.59,1.05,,
673,2562,1471244,4474,gold,1422,7151,471,7662,1374746,15.18,179.42,0.58,0.93,,
674,2557,1737747,5290,gold,1467,9367,539,8716,1793851,17.38,205.81,0.61,1.07,,
675,2557,1400304,4587,gold,1318,7225,437,7228,1404235,16.53,194.28,0.63,1.00,,
676,2553,1370757,4964,gold,1203,6881,429,7158,1329305,16.04,185.71,0.69,0.96,,
677,2549,1680779,5321,gold,1397,9502,549,8625,1760998,17.31,204.17,0.62,1.10,,
678,2545,1275803,3797,gold,1082,6387,431,6521,1233102,14.82,189.10,0.58,0.98,,
679,2543,1352024,4640,gold,1214,6797,470,7104,1311325,14.46,184.59,0.65,0.96,,
680,2537,1537406,4901,gold,1290,7935,505,7725,1509759,15.71,195.44,0.63,1.03,,
681,2530,1495225,4915,gold,1274,7804,507,7754,1498896,15.39,193.31,0.63,1.01,,
682,2525,1356015,4005,gold,1125,7520,477,7110,1390857,15.77,195.62,0.56,1.06,,
683,2518,1550117,5101,gold,1439,7710,494,8051,1517377,15.61,188.47,0.63,0.96,,
684,2512,1296211,4023,gold,1405,6991,408,6695,1291986,17.13,192.98,0.60,1.04,,
685,2507,1368026,4882,gold,1237,7591,450,6995,1417985,16.87,202.71,0.70,1.09,,
686,2505,1674034,6738,gold,1372,9986,531,8347,1855814,18.81,222.33,0.81,1.20,,
687,2505,1339490,3509,gold,1317,6640,450,6876,1269032,14.76,184.56,0.51,0.97,,
688,2505,1344264,4621,gold,1187,7009,449,7010,1368762,15.61,195.26,0.66,1.00,,
689,2503,1567265,4266,gold,1363,7918,465,7911,1442976,17.03,182.40,0.54,1.00,,
690,2503,1411270,3280,gold,1195,7523,474,6962,1434539,15.87,206.05,0.47,1.08,,
691,2500,1447416,5177,platinum,1431,7263,484,7721,1437545,15.01,186.19,0.67,0.94,,
692,2492,1474591,3601,gold,1299,6690,484,7639,1351756,13.82,176.95,0.47,0.88,,
693,2481,1357476,3650,gold,1136,6747,477,7246,1256663,14.14,173.43,0.50,0.93,,
694,2481,1305115,3857,silver,1167,6880,457,6844,1288880,15.05,188.32,0.56,1.01,,
695,2468,1454673,4657,gold,1361,6835,469,7593,1326019,14.57,174.64,0.61,0.90,,
696,2464,1308138,3345,silver,1213,6764,481,6821,1236483,14.06,181.28,0.49,0.99,,
697,2461,1572829,5233,gold,1382,7170,558,8357,1367739,12.85,163.66,0.63,0.86,,
698,2461,1353064,3817,gold,1362,6781,418,6931,1315146,16.22,189.75,0.55,0.98,,
699,2457,1466532,4697,gold,1320,7811,505,7716,1501465,15.47,194.59,0.61,1.01,,
700,2457,1360116,3684,platinum,1339,6002,448,7014,1182178,13.40,168.55,0.53,0.86,,
701,2455,1583277,5959,gold,1519,7977,527,8220,1455679,15.14,177.09,0.72,0.97,,
702,2451,1639453,5492,gold,1562,8322,528,8618,1552493,15.76,180.15,0.64,0.97,,
703,2449,1375069,3848,gold,1219,6934,445,7097,1351169,15.58,190.39,0.54,0.98,,
704,2447,1341829,5273,gold,1154,7925,494,7145,1547740,16.04,216.62,0.74,1.11,,
705,2446,1294090,3441,gold,1120,7119,408,6469,1357820,17.45,209.90,0.53,1.10,,
706,2443,1591759,6111,gold,1543,8711,533,8222,1558965,16.34,189.61,0.74,1.06,,
707,2443,1304528,4036,gold,1145,7286,426,6748,1430764,17.10,212.03,0.60,1.08,,
708,2442,1262833,3766,gold,1074,6479,415,6577,1240323,15.61,188.58,0.57,0.99,,
709,2435,1294792,4931,gold,1208,6706,432,6893,1277742,15.52,185.37,0.72,0.97,,
710,2435,1463967,4906,gold,1350,7400,454,7652,1440858,16.30,188.30,0.64,0.97,,
711,2433,1324115,3655,gold,1137,6402,415,6743,1225541,15.43,181.75,0.54,0.95,,
712,2428,1505879,4449,gold,1347,7803,476,7708,1507366,16.39,195.56,0.58,1.01,,
713,2427,1482825,4515,gold,1194,7993,496,7681,1460160,16.11,190.10,0.59,1.04,,
714,2427,1388712,4255,silver,1358,6888,490,7259,1343081,14.06,185.02,0.59,0.95,,
715,2423,1635970,5067,gold,1488,7701,533,8699,1463446,14.45,168.23,0.58,0.89,,
716,2422,1399870,4481,gold,1200,7591,421,7258,1447495,18.03,199.43,0.62,1.05,,
717,2421,1359061,4286,gold,1604,6996,449,7100,1292247,15.58,182.01,0.60,0.99,,
718,2420,1409362,4228,gold,1524,6370,491,7605,1260427,12.97,165.74,0.56,0.84,,
719,2419,1288081,3537,silver,1084,6638,422,6756,1309510,15.73,193.83,0.52,0.98,,
720,2417,2011203,6995,gold,1731,9695,630,10326,1832506,15.39,177.47,0.68,0.94,,
721,2412,1390389,4106,gold,1326,6721,467,7239,1261459,14.39,174.26,0.57,0.93,,
722,2407,1575731,4995,gold,1401,7388,499,7713,1442223,14.81,186.99,0.65,0.96,,
723,2406,1466917,4477,gold,1432,7249,469,7689,1376896,15.46,179.07,0.58,0.94,,
724,2405,1484191,5115,gold,1395,8182,481,7412,1531833,17.01,206.67,0.69,1.10,,
725,2397,1350806,3926,gold,1227,7135,460,6943,1383419,15.51,199.25,0.57,1.03,,
726,2396,1372837,4522,gold,1323,7125,450,7021,1343146,15.83,191.30,0.64,1.01,,
727,2396,1382363,4163,gold,1211,7635,459,7320,1455570,16.63,198.85,0.57,1.04,,
728,2393,1172960,4686,gold,935,6362,424,6269,1203017,15.00,191.90,0.75,1.01,,
729,2391,1299755,3511,gold,1195,6697,419,6681,1274930,15.98,190.83,0.53,1.00,,
730,2389,1526533,3945,gold,1351,8985,492,7988,1594609,18.26,199.63,0.49,1.12,,
731,2375,1405935,3999,gold,1370,7479,437,7215,1385289,17.11,192.00,0.55,1.04,,
732,2375,1376979,4313,gold,1412,6914,445,7377,1287283,15.54,174.50,0.58,0.94,,
733,2374,1326767,4627,gold,1177,6921,467,6891,1356197,14.82,196.81,0.67,1.00,,
734,2374,1358211,3468,gold,950,7775,461,6819,1460876,16.87,214.24,0.51,1.14,,
735,2371,1413342,5232,gold,1337,7186,481,7779,1318082,14.94,169.44,0.67,0.92,,
736,2365,1323418,3648,gold,1102,7128,420,6532,1330503,16.97,203.69,0.56,1.09,,
737,2363,1499947,4906,gold,1412,7700,491,7526,1483084,15.68,197.06,0.65,1.02,,
738,2363,1167250,3714,gold,1124,6071,377,5924,1144318,16.10,193.17,0.63,1.02,,
739,2363,1356573,4251,gold,1237,6895,448,7247,1292720,15.39,178.38,0.59,0.95,,
740,2359,1353083,6291,gold,1246,7887,434,7079,1459646,18.17,206.19,0.89,1.11,,
741,2350,1345646,4409,gold,1149,8510,466,6872,1612743,18.26,234.68,0.64,1.24,,
742,2345,1636774,5885,gold,1471,8992,550,8615,1720244,16.35,199.68,0.68,1.04,,
743,2343,1372455,4645,gold,1192,7147,437,7301,1351357,16.35,185.09,0.64,0.98,,
744,2338,1478443,4061,gold,1237,6946,522,7633,1287237,13.31,168.64,0.53,0.91,,
745,2336,1316215,4279,gold,1132,6384,442,6991,1254143,14.44,179.39,0.61,0.91,,
746,2332,1400483,4290,gold,1128,7268,461,7168,1414132,15.77,197.28,0.60,1.01,,
747,2331,1224777,4400,gold,1199,7495,408,6353,1432280,18.37,225.45,0.69,1.18,,
748,2329,1541645,3710,gold,1158,6746,488,7571,1346185,13.82,177.81,0.49,0.89,,
749,2319,1459135,5193,gold,1312,6926,465,7507,1345379,14.89,179.22,0.69,0.92,,
750,2318,1739819,7313,gold,1691,10166,541,9004,1851773,18.79,205.66,0.81,1.13,,
751,2313,1702848,3972,gold,1418,6138,552,8873,1221887,11.12,137.71,0.45,0.69,,
752,2311,1303318,4004,gold,1219,6191,418,6879,1159785,14.81,168.60,0.58,0.90,,
753,2308,1156977,3683,gold,1215,6133,441,6250,1161774,13.91,185.88,0.59,0.98,,
754,2306,1556588,5734,gold,1531,7947,512,8009,1511099,15.52,188.68,0.72,0.99,,
755,2299,1231480,3750,gold,1175,6235,405,6466,1197784,15.40,185.24,0.58,0.96,,
756,2284,1302148,4067,gold,1167,7072,411,6649,1376331,17.21,207.00,0.61,1.06,,
757,2284,1416688,4680,gold,1349,6941,464,7307,1322097,14.96,180.94,0.64,0.95,,
758,2280,1520836,4493,gold,1615,7669,468,7741,1449099,16.39,187.20,0.58,0.99,,
759,2280,1400781,5178,gold,1137,7847,407,6842,1499271,19.28,219.13,0.76,1.15,,
760,2280,1383279,4223,gold,1259,7298,473,7510,1380339,15.43,183.80,0.56,0.97,,
761,2277,1241482,3762,gold,1234,7016,419,6490,1298553,16.74,200.09,0.58,1.08,,
762,2266,1282115,3885,gold,1118,6701,420,6686,1298335,15.95,194.19,0.58,1.00,,
763,2264,1400964,3657,silver,1208,7791,464,7234,1459920,16.79,201.81,0.51,1.08,,
764,2262,1535570,4124,platinum,1639,6666,490,8097,1241533,13.60,153.33,0.51,0.82,,
765,2244,1175844,3828,gold,1072,5829,400,6269,1144238,14.57,182.52,0.61,0.93,,
766,2244,1547067,4824,gold,1390,8098,522,7904,1504469,15.51,190.34,0.61,1.02,,
767,2244,1350226,5008,gold,1233,7610,468,7051,1393025,16.26,197.56,0.71,1.08,,
768,2243,1485594,5281,gold,1190,8003,499,7877,1500407,16.04,190.48,0.67,1.02,,
769,2237,1218857,3337,gold,1276,6431,410,6244,1212546,15.69,194.19,0.53,1.03,,
770,2235,1336535,3097,silver,943,6555,434,7055,1238442,15.10,175.54,0.44,0.93,,
771,2231,1499402,5312,gold,1427,7920,489,7839,1469714,16.20,187.49,0.68,1.01,,
772,2225,1326646,4776,gold,1205,6728,415,6844,1256647,16.21,183.61,0.70,0.98,,
773,2224,1369258,4748,gold,1127,7752,504,7318,1436578,15.38,196.31,0.65,1.06,,
774,2216,1197082,4175,gold,1108,6948,416,6263,1307821,16.70,208.82,0.67,1.11,,
775,2215,1355270,4348,gold,1120,6308,425,6897,1231485,14.84,178.55,0.63,0.91,,
776,2212,1310980,4820,gold,1229,6783,446,6681,1245098,15.21,186.36,0.72,1.02,,
777,2211,1312929,4391,gold,1139,7005,424,6989,1354726,16.52,193.84,0.63,1.00,,
778,2206,1329496,4887,gold,1048,6761,419,6735,1278372,16.14,189.81,0.73,1.00,,
779,2200,1306505,3821,gold,1245,7021,418,6681,1319640,16.80,197.52,0.57,1.05,,
780,2196,1298865,3642,gold,1340,6268,441,6873,1215810,14.21,176.90,0.53,0.91,,
781,2194,1156622,3958,gold,1002,6023,416,6184,1140432,14.48,184.42,0.64,0.97,,
782,2192,1285127,4095,gold,1182,6680,432,6649,1268657,15.46,190.80,0.62,1.00,,
783,2192,1218790,3544,gold,892,6318,384,6105,1211940,16.45,198.52,0.58,1.03,,
784,2190,1377729,4432,gold,1386,7668,423,6863,1495852,18.13,217.96,0.65,1.12,,
785,2189,1419596,5449,gold,1184,8357,464,7310,1557556,18.01,213.07,0.75,1.14,,
786,2183,1184334,4367,gold,1112,6594,387,6216,1262591,17.04,203.12,0.70,1.06,,
787,2181,1363670,3731,silver,1250,6432,436,7080,1221250,14.75,172.49,0.53,0.91,,
788,2178,1328956,4146,gold,1202,6525,439,6816,1243676,14.86,182.46,0.61,0.96,,
789,2174,1306818,4298,gold,1274,7242,426,6712,1336266,17.00,199.09,0.64,1.08,,
790,2172,1276142,3685,gold,1068,7191,430,6770,1345814,16.72,198.79,0.54,1.06,,
791,2172,1328788,3533,gold,1285,5827,429,6879,1157816,13.58,168.31,0.51,0.85,,
792,2170,1236950,3313,gold,1181,5966,389,6227,1152544,15.34,185.09,0.53,0.96,,
793,2170,1330881,4612,gold,1311,7518,437,6985,1409653,17.20,201.81,0.66,1.08,,
794,2162,1197949,4660,gold,1047,6823,412,6195,1300687,16.56,209.96,0.75,1.10,,
795,2162,1291964,3755,gold,1185,6485,405,6694,1250558,16.01,186.82,0.56,0.97,,
796,2154,1224595,3362,gold,1052,6886,427,6339,1274117,16.13,201.00,0.53,1.09,,
797,2153,1453236,4464,gold,1427,7733,506,7746,1555880,15.28,200.86,0.58,1.00,,
798,2150,1306090,4195,platinum,1205,6241,433,6805,1205647,14.41,177.17,0.62,0.92,,
799,2150,1442050,5631,gold,1339,7523,440,7433,1423235,17.10,191.48,0.76,1.01,,
800,2150,1253568,4566,gold,1121,6690,397,6581,1267283,16.85,192.57,0.69,1.02,,
801,2146,1342752,3554,gold,1194,6620,458,7115,1252614,14.45,176.05,0.50,0.93,,
802,2136,1287898,4214,silver,1485,5974,424,6925,1133643,14.09,163.70,0.61,0.86,,
803,2132,1256406,3785,gold,1154,6895,415,6390,1273358,16.61,199.27,0.59,1.08,,
804,2126,1266015,5190,gold,1052,8057,431,6477,1516248,18.69,234.10,0.80,1.24,,
805,2119,1256270,4044,gold,1212,6094,413,6534,1160772,14.76,177.65,0.62,0.93,,
806,2115,1301282,3479,gold,1227,6629,413,6655,1269475,16.05,190.76,0.52,1.00,,
807,2114,1289894,4607,gold,1233,6586,445,6735,1232022,14.80,182.93,0.68,0.98,,
808,2113,1180096,3401,silver,1036,5898,388,6110,1142543,15.20,187.00,0.56,0.97,,
809,2113,1271875,3947,gold,1167,6632,400,6424,1280481,16.58,199.33,0.61,1.03,,
810,2111,1285463,3847,gold,1039,6113,411,6736,1192524,14.87,177.04,0.57,0.91,,
811,2109,1304854,4064,silver,947,7472,394,5986,1413860,18.96,236.19,0.68,1.25,,
812,2098,1188899,3621,gold,1062,6176,423,6112,1147973,14.60,187.82,0.59,1.01,,
813,2095,1291351,3458,gold,1162,6915,417,6516,1326060,16.58,203.51,0.53,1.06,,
814,2094,1318380,3661,gold,1119,6399,444,6796,1204356,14.41,177.22,0.54,0.94,,
815,2085,1173520,3661,gold,906,6323,398,6098,1196432,15.89,196.20,0.60,1.04,,
816,2084,1342935,5551,silver,1144,7570,442,6610,1406971,17.13,212.85,0.84,1.15,,
817,2080,1428586,4107,gold,1263,6716,453,7259,1271196,14.83,175.12,0.57,0.93,,
818,2080,1411975,4855,gold,1174,6340,446,7457,1199993,14.22,160.92,0.65,0.85,,
819,2077,1263379,4424,gold,1216,6921,415,6574,1293462,16.68,196.75,0.67,1.05,,
820,2077,1277664,4284,gold,1301,6786,411,6760,1292505,16.51,191.20,0.63,1.00,,
821,2076,1275661,5004,gold,953,6897,397,6436,1310022,17.37,203.55,0.78,1.07,,
822,2062,1185290,4662,gold,1075,6675,395,6356,1254179,16.90,197.32,0.73,1.05,,
823,2061,1345370,3587,gold,1222,6992,418,7010,1303111,16.73,185.89,0.51,1.00,,
824,2060,1187354,4127,gold,1043,6347,387,6297,1206642,16.40,191.62,0.66,1.01,,
825,2059,1236527,3712,gold,1148,6416,433,6549,1233682,14.82,188.38,0.57,0.98,,
826,2058,1268249,3682,gold,1167,6473,375,6524,1228717,17.26,188.34,0.56,0.99,,
827,2057,1393722,4926,gold,1393,6715,438,7366,1314466,15.33,178.45,0.67,0.91,,
828,2057,1334009,3956,gold,1268,7163,428,6988,1421106,16.74,203.36,0.57,1.03,,
829,2056,1242482,3453,gold,1108,6730,418,6254,1256357,16.10,200.89,0.55,1.08,,
830,2054,1283677,4194,gold,1274,6361,415,6658,1227997,15.33,184.44,0.63,0.96,,
831,2052,1505293,5509,gold,1380,8039,467,7837,1527955,17.21,194.97,0.70,1.03,,
832,2049,1217994,4130,gold,1006,6530,436,6549,1269700,14.98,193.88,0.63,1.00,,
833,2041,1795985,6098,gold,1352,9784,591,9373,1844642,16.55,196.80,0.65,1.04,,
834,2034,1167398,3448,gold,1093,7097,374,6014,1324723,18.98,220.27,0.57,1.18,,
835,2029,1326442,4857,gold,921,7528,452,6850,1371651,16.65,200.24,0.71,1.10,,
836,2027,1188658,4585,platinum,1183,6637,400,6278,1242738,16.59,197.95,0.73,1.06,,
837,2026,1187387,4270,gold,1144,6596,391,6032,1239082,16.87,205.42,0.71,1.09,,
838,2026,1265508,4465,platinum,1331,6693,421,6520,1281898,15.90,196.61,0.68,1.03,,
839,2020,1276239,4294,silver,1127,7011,431,6518,1337350,16.27,205.18,0.66,1.08,,
840,2019,1325613,3534,gold,1122,6102,433,6990,1195128,14.09,170.98,0.51,0.87,,
841,2018,1370602,4822,gold,1214,6891,419,7101,1306276,16.45,183.96,0.68,0.97,,
842,2016,1340501,4128,gold,1148,6147,513,7162,1219807,11.98,170.32,0.58,0.86,,
843,2011,1261739,4065,platinum,1153,6921,409,6447,1306021,16.92,202.58,0.63,1.07,,
844,2010,1314997,3902,gold,1036,7670,451,6882,1374119,17.01,199.67,0.57,1.11,,
845,2004,1347305,4506,gold,1312,7284,447,6926,1377184,16.30,198.84,0.65,1.05,,
846,2003,1412325,5271,gold,1205,7847,476,7318,1423636,16.49,194.54,0.72,1.07,,
847,2003,1473143,3990,gold,1244,7146,450,7299,1386207,15.88,189.92,0.55,0.98,,
848,1992,1229653,3989,gold,1075,6510,410,6162,1224716,15.88,198.75,0.65,1.06,,
849,1991,1163808,3388,gold,1044,7163,375,5716,1307835,19.10,228.80,0.59,1.25,,
850,1990,1300329,4517,gold,1246,6467,457,6674,1212482,14.15,181.67,0.68,0.97,,
851,1974,1254502,4745,gold,1144,6942,398,6698,1338564,17.44,199.85,0.71,1.04,,
852,1957,1395319,5019,gold,1191,7244,460,7344,1380170,15.75,187.93,0.68,0.99,,
853,1954,1217531,4325,gold,970,7490,422,6196,1374174,17.75,221.78,0.70,1.21,,
854,1951,1205451,3503,gold,1240,6228,360,6150,1212316,17.30,197.12,0.57,1.01,,
855,1947,1257732,4298,gold,1164,6501,401,6513,1241943,16.21,190.69,0.66,1.00,,
856,1946,1226636,4820,gold,1197,6395,391,6332,1248545,16.36,197.18,0.76,1.01,,
857,1945,1277935,4732,gold,1206,7168,425,6549,1351269,16.87,206.33,0.72,1.09,,
858,1945,1417631,5247,gold,1182,7495,449,7332,1412370,16.69,192.63,0.72,1.02,,
859,1943,1180111,3603,gold,1019,5741,382,6118,1156252,15.03,188.99,0.59,0.94,,
860,1939,1181011,3828,gold,827,6112,381,6014,1142169,16.04,189.92,0.64,1.02,,
861,1932,1313300,3798,gold,904,6181,413,6444,1210764,14.97,187.89,0.59,0.96,,
862,1925,1208129,3593,gold,1043,7113,419,6280,1314965,16.98,209.39,0.57,1.13,,
863,1919,1218242,4515,gold,1025,6725,413,6438,1287579,16.28,200.00,0.70,1.04,,
864,1918,1307821,5201,silver,1292,8106,429,6680,1453886,18.90,217.65,0.78,1.21,,
865,1917,1356770,4823,gold,1158,7495,420,6805,1418165,17.85,208.40,0.71,1.10,,
866,1916,1338954,4037,gold,1185,7605,436,6974,1435594,17.44,205.85,0.58,1.09,,
867,1914,1376043,5064,gold,1393,6854,429,7045,1294302,15.98,183.72,0.72,0.97,,
868,1906,1368696,5205,gold,1097,8340,442,6514,1536624,18.87,235.90,0.80,1.28,,
869,1904,1183336,3931,gold,962,6276,385,6407,1196715,16.30,186.78,0.61,0.98,,
870,1901,1231388,4288,gold,1068,7016,422,6216,1304334,16.63,209.83,0.69,1.13,,
871,1900,1176336,4129,gold,997,6723,377,6162,1261707,17.83,204.76,0.67,1.09,,
872,1897,1195257,3373,gold,1149,6315,385,6450,1216328,16.40,188.58,0.52,0.98,,
873,1894,1552505,5935,gold,1324,8485,489,7937,1637480,17.35,206.31,0.75,1.07,,
874,1892,1226425,3357,gold,982,6636,405,6334,1213302,16.39,191.55,0.53,1.05,,
875,1888,1252169,4032,gold,1126,6392,409,6660,1216296,15.63,182.63,0.61,0.96,,
876,1880,1268647,3851,gold,1105,6483,410,6453,1263308,15.81,195.77,0.60,1.00,,
877,1879,1161368,3561,gold,1024,6643,416,5999,1238455,15.97,206.44,0.59,1.11,,
878,1879,1182227,3975,gold,1088,6127,357,6170,1220088,17.16,197.75,0.64,0.99,,
879,1874,1464849,5318,gold,1170,8443,484,7682,1583908,17.44,206.18,0.69,1.10,,
880,1868,1206370,3491,gold,1226,6050,381,6251,1159687,15.88,185.52,0.56,0.97,,
881,1866,1246254,4285,gold,1035,6498,412,6549,1255798,15.77,191.75,0.65,0.99,,
882,1864,1264705,3425,gold,1236,6245,406,6622,1208828,15.38,182.55,0.52,0.94,,
883,1861,1660303,5836,gold,1451,8043,487,8402,1558251,16.52,185.46,0.69,0.96,,
884,1850,1373351,4089,gold,1147,7232,439,6956,1396001,16.47,200.69,0.59,1.04,,
885,1849,1267729,3734,gold,1199,6052,421,6647,1151251,14.38,173.20,0.56,0.91,,
886,1847,1183624,4302,gold,924,6128,382,6057,1156057,16.04,190.86,0.71,1.01,,
887,1845,1338996,4182,gold,1241,7655,430,6813,1426684,17.80,209.41,0.61,1.12,,
888,1843,1283139,4260,gold,1003,6485,409,6573,1217398,15.86,185.21,0.65,0.99,,
889,1836,1299275,5023,gold,1242,7449,421,6857,1378075,17.69,200.97,0.73,1.09,,
890,1833,1214498,4586,gold,1102,6388,384,6507,1226351,16.64,188.47,0.70,0.98,,
891,1830,1167561,3338,gold,975,7733,376,6011,1444346,20.57,240.28,0.56,1.29,,
892,1829,1258933,4093,gold,1044,6374,384,6564,1245142,16.60,189.69,0.62,0.97,,
893,1823,1516348,5501,gold,1437,7629,478,7878,1393331,15.96,176.86,0.70,0.97,,
894,1816,1400387,5249,gold,1315,7093,445,7492,1322509,15.94,176.52,0.70,0.95,,
895,1813,1568948,4441,gold,1437,7835,500,8175,1447330,15.67,177.04,0.54,0.96,,
896,1787,1340259,4230,gold,1246,6530,401,6917,1243794,16.28,179.82,0.61,0.94,,
897,1785,1177553,4648,gold,1167,7193,377,6088,1346032,19.08,221.10,0.76,1.18,,
898,1781,1167867,4714,gold,1110,6931,372,6139,1315093,18.63,214.22,0.77,1.13,,
899,1780,1170085,4666,platinum,1155,6323,385,6115,1186565,16.42,194.04,0.76,1.03,,
900,1778,1206926,4227,gold,1069,6543,392,6325,1210963,16.69,191.46,0.67,1.03,,
901,1773,1360356,5654,gold,1285,7835,453,7091,1492795,17.30,210.52,0.80,1.10,,
902,1771,1235942,4172,gold,1097,6624,401,6485,1240222,16.52,191.24,0.64,1.02,,
903,1770,1873109,6324,gold,1758,10180,601,9538,1811253,16.94,189.90,0.66,1.07,,
904,1752,1216959,4295,gold,1025,6419,394,6545,1259131,16.29,192.38,0.66,0.98,,
905,1751,1261577,4239,gold,1329,6733,408,6596,1281352,16.50,194.26,0.64,1.02,,
906,1751,1174322,4031,gold,1378,6018,371,5989,1140393,16.22,190.41,0.67,1.00,,
907,1751,1221599,4586,gold,1156,6710,380,6220,1267040,17.66,203.70,0.74,1.08,,
908,4298,1793887,3506,platinum,1770,7026,573,9423,1412036,12.26,149.85,0.37,0.75,,
909,3716,1791284,4969,platinum,1748,7857,570,8831,1533066,13.78,173.60,0.56,0.89,,
910,3584,1867991,4806,gold,1626,9695,622,9441,1785330,15.59,189.10,0.51,1.03,,
911,3512,2374888,7308,diamond,2387,10808,719,12072,2044703,15.03,169.38,0.61,0.90,,
912,3435,1745056,4880,platinum,1468,8293,510,8903,1528248,16.26,171.66,0.55,0.93,,
913,3404,1794507,4976,platinum,1678,8136,594,9463,1550050,13.70,163.80,0.53,0.86,,
914,3348,1322099,3785,platinum,1493,6796,455,6887,1322962,14.94,192.10,0.55,0.99,,
915,3289,1420402,4250,platinum,1311,6509,463,7050,1251615,14.06,177.53,0.60,0.92,,
916,3288,1739104,3858,platinum,1809,7565,558,9082,1463759,13.56,161.17,0.42,0.83,,
917,3282,1382395,3767,platinum,1347,6376,454,7214,1179532,14.04,163.51,0.52,0.88,,
918,3275,1549352,3976,gold,1484,6977,532,8188,1357298,13.11,165.77,0.49,0.85,,
919,3216,1509627,3709,platinum,1502,6813,480,7953,1325549,14.19,166.67,0.47,0.86,,
920,3186,1522624,5350,gold,1400,8250,550,7896,1592634,15.00,201.70,0.68,1.04,,
921,3080,1571392,4176,platinum,1371,7600,510,8064,1461539,14.90,181.24,0.52,0.94,,
922,3058,1726390,3967,platinum,1497,8019,554,8820,1550803,14.47,175.83,0.45,0.91,,
923,3045,1550675,4492,platinum,1389,8003,544,8289,1509302,14.71,182.08,0.54,0.97,,
924,3035,1827418,6070,diamond,1838,8823,594,9345,1658419,14.85,177.47,0.65,0.94,,
925,3032,1499196,5504,gold,1470,8146,527,7893,1479123,15.46,187.40,0.70,1.03,,
926,3031,1228236,3575,platinum,1175,5855,424,6416,1127193,13.81,175.68,0.56,0.91,,
927,3026,1441762,4065,platinum,1402,7348,458,7658,1419874,16.04,185.41,0.53,0.96,,
928,3024,1381341,4865,platinum,1279,6971,444,7237,1354252,15.70,187.13,0.67,0.96,,
929,3020,1425821,3939,platinum,1452,7282,459,7635,1423007,15.86,186.38,0.52,0.95,,
930,3016,1508397,4338,platinum,1430,8078,562,8052,1486967,14.37,184.67,0.54,1.00,,
931,3003,1502263,4220,platinum,1324,6744,517,7811,1322383,13.04,169.30,0.54,0.86,,
932,2992,1375851,3939,platinum,1377,7638,465,7130,1472373,16.43,206.50,0.55,1.07,,
933,2987,1435668,4264,platinum,1255,6987,486,7451,1365807,14.38,183.31,0.57,0.94,,
934,2982,1475840,4067,platinum,1653,7702,482,7804,1507059,15.98,193.11,0.52,0.99,,
935,2948,1322375,3529,platinum,1222,6311,419,6871,1207754,15.06,175.78,0.51,0.92,,
936,2923,1598122,4451,platinum,1458,8076,540,8368,1567424,14.96,187.31,0.53,0.97,,
937,2915,1456000,3905,platinum,1502,5986,519,7631,1146789,11.53,150.28,0.51,0.78,,
938,2909,1217328,3788,diamond,1146,7037,430,6414,1368558,16.37,213.37,0.59,1.10,,
939,2906,1366984,4358,platinum,1266,7078,475,7061,1313664,14.90,186.05,0.62,1.00,,
940,2906,1695371,4576,platinum,1502,8053,540,8725,1559023,14.91,178.68,0.52,0.92,,
941,2900,1676744,4978,platinum,1706,6703,580,8884,1327858,11.56,149.47,0.56,0.75,,
942,2896,1548077,3542,platinum,1543,6929,522,8062,1313138,13.27,162.88,0.44,0.86,,
943,2890,1509278,4763,platinum,1329,7578,489,7589,1467900,15.50,193.42,0.63,1.00,,
944,2881,1329455,3949,platinum,1421,6344,423,6779,1188507,15.00,175.32,0.58,0.94,,
945,2877,1297550,4556,platinum,1307,7707,440,6791,1443435,17.52,212.55,0.67,1.13,,
946,2872,1423560,4690,platinum,1361,7312,440,7123,1427488,16.62,200.41,0.66,1.03,,
947,2868,1350245,4668,platinum,1278,6993,430,6883,1331607,16.26,193.46,0.68,1.02,,
948,2838,1531846,4285,gold,1532,7153,462,7911,1326812,15.48,167.72,0.54,0.90,,
949,2825,1489724,4115,platinum,1443,7195,477,7777,1373772,15.08,176.65,0.53,0.93,,
950,2822,1503267,3839,platinum,1374,7213,528,7854,1395736,13.66,177.71,0.49,0.92,,
951,2822,1578183,4301,platinum,1626,7285,500,8111,1390358,14.57,171.42,0.53,0.90,,
952,2807,1307844,3944,platinum,1224,6837,465,6753,1284705,14.70,190.24,0.58,1.01,,
953,2799,1450966,5436,platinum,1494,7517,455,7441,1425390,16.52,191.56,0.73,1.01,,
954,2789,1206999,3475,platinum,1105,6436,430,6206,1214351,14.97,195.67,0.56,1.04,,
955,2788,1409133,4354,platinum,1616,6375,470,7560,1202161,13.56,159.02,0.58,0.84,,
956,2782,1369410,4031,platinum,1190,7476,447,6921,1383834,16.72,199.95,0.58,1.08,,
957,2760,1619733,5020,platinum,1617,7236,569,8356,1346955,12.72,161.20,0.60,0.87,,
958,2750,1233568,3644,platinum,1012,6734,433,6277,1260815,15.55,200.86,0.58,1.07,,
959,2743,1494203,5209,platinum,1430,7819,455,7618,1478694,17.18,194.11,0.68,1.03,,
960,2741,1441544,5305,platinum,1293,8011,494,7435,1531732,16.22,206.02,0.71,1.08,,
961,2734,1368453,4253,platinum,1403,6821,452,7061,1326329,15.09,187.84,0.60,0.97,,
962,2728,1506268,4449,platinum,1532,6785,476,7754,1306083,14.25,168.44,0.57,0.88,,
963,2717,1457321,3554,platinum,1400,7461,513,7730,1412487,14.54,182.73,0.46,0.97,,
964,2713,1239165,4131,platinum,1161,6234,422,6464,1148220,14.77,177.63,0.64,0.96,,
965,2708,1361960,4851,platinum,1305,7780,448,6984,1459139,17.37,208.93,0.69,1.11,,
966,2707,1186345,3437,platinum,1029,6053,425,5940,1154609,14.24,194.38,0.58,1.02,,
967,2699,1579172,4556,platinum,1481,6826,506,8094,1354926,13.49,167.40,0.56,0.84,,
968,2699,1544286,3881,platinum,1530,5996,513,8227,1196136,11.69,145.39,0.47,0.73,,
969,2690,1292088,3517,platinum,1250,6303,425,6747,1232183,14.83,182.63,0.52,0.93,,
970,2653,1428028,4159,diamond,1207,6729,444,7259,1290508,15.16,177.78,0.57,0.93,,
971,2649,1361444,5524,platinum,1209,7957,481,7104,1481493,16.54,208.54,0.78,1.12,,
972,2633,1397793,3905,platinum,1251,7140,469,7200,1331844,15.22,184.98,0.54,0.99,,
973,2628,1589834,5488,platinum,1497,7698,511,8138,1483074,15.06,182.24,0.67,0.95,,
974,2627,1352058,3510,platinum,1281,6521,451,6922,1287514,14.46,186.00,0.51,0.94,,
975,2626,1616606,5118,platinum,1704,7807,539,8451,1510074,14.48,178.69,0.61,0.92,,
976,2625,1426709,4717,platinum,1366,7120,459,7436,1443257,15.51,194.09,0.63,0.96,,
977,2625,1351480,3714,platinum,1402,5936,450,6960,1127767,13.19,162.04,0.53,0.85,,
978,2618,1465468,4421,platinum,1545,7394,461,7560,1472241,16.04,194.74,0.58,0.98,,
979,2617,1874496,4509,diamond,1870,8562,552,9623,1639991,15.51,170.42,0.47,0.89,,
980,2614,1564251,5147,gold,1093,8509,518,7948,1604885,16.43,201.92,0.65,1.07,,
981,2613,1361717,3899,platinum,1347,6211,431,7075,1177796,14.41,166.47,0.55,0.88,,
982,2612,1346955,5085,platinum,1277,7044,439,7230,1333869,16.05,184.49,0.70,0.97,,
983,2611,1317249,3730,platinum,1197,6254,434,6822,1192015,14.41,174.73,0.55,0.92,,
984,2606,1370660,3915,platinum,1285,6288,436,6978,1225989,14.42,175.69,0.56,0.90,,
985,2601,1334222,3500,platinum,1227,7041,424,6927,1388322,16.61,200.42,0.51,1.02,,
986,2600,1323341,3864,platinum,1429,6043,416,6757,1196059,14.53,177.01,0.57,0.89,,
987,2597,1397929,3608,platinum,1141,7663,488,7289,1441399,15.70,197.75,0.49,1.05,,
988,2594,1316430,4186,platinum,1218,6987,473,6822,1246375,14.77,182.70,0.61,1.02,,
989,2592,1567989,4699,platinum,1416,7818,472,8047,1423396,16.56,176.89,0.58,0.97,,
990,2589,1351965,4478,platinum,1533,6778,447,7037,1301447,15.16,184.94,0.64,0.96,,
991,2581,1336884,4332,platinum,1202,6652,449,6849,1225342,14.82,178.91,0.63,0.97,,
992,2581,1568807,4112,platinum,1268,7356,500,8102,1396501,14.71,172.36,0.51,0.91,,
993,2564,1336013,3825,platinum,1156,7225,449,6806,1396882,16.09,205.24,0.56,1.06,,
994,2561,1303696,3935,platinum,1411,7280,433,6795,1379136,16.81,202.96,0.58,1.07,,
995,2558,1200362,4184,platinum,1252,6177,436,6339,1132808,14.17,178.70,0.66,0.97,,
996,2558,1372656,5628,platinum,1256,7839,488,7143,1445496,16.06,202.37,0.79,1.10,,
997,2553,1197385,3645,platinum,1127,6087,417,6381,1206692,14.60,189.11,0.57,0.95,,
998,2551,1547519,5616,platinum,1567,7739,470,7968,1429795,16.47,179.44,0.70,0.97,,
999,2551,1460612,4602,platinum,1632,7469,452,7696,1394532,16.52,181.20,0.60,0.97,,
1000,2543,1490451,3472,platinum,1530,7480,472,7436,1305085,15.85,175.51,0.47,1.01,,
1001,2542,1467586,3845,platinum,1461,6725,513,7664,1243180,13.11,162.21,0.50,0.88,,
1002,2536,1474171,5304,platinum,1280,8124,493,7652,1538297,16.48,201.03,0.69,1.06,,
1003,2535,1145864,4120,platinum,1219,5918,379,6242,1122987,15.61,179.91,0.66,0.95,,
1004,2523,1305510,3603,gold,1077,6844,480,6812,1258649,14.26,184.77,0.53,1.00,,
1005,2515,1519317,4660,platinum,1748,6577,465,8005,1253753,14.14,156.62,0.58,0.82,,
1006,2511,1424810,4703,platinum,1255,7841,506,7380,1458762,15.50,197.66,0.64,1.06,,
1007,2508,1147075,3476,gold,905,6444,413,5966,1291427,15.60,216.46,0.58,1.08,,
1008,2508,1335570,3520,platinum,1357,7197,441,6903,1391687,16.32,201.61,0.51,1.04,,
1009,2502,1622331,4372,platinum,1626,7798,503,8512,1534128,15.50,180.23,0.51,0.92,,
1010,2501,1410222,4768,platinum,1164,7965,480,6946,1501780,16.59,216.21,0.69,1.15,,
1011,2501,1425627,4563,platinum,1182,7395,485,7221,1361610,15.25,188.56,0.63,1.02,,
1012,2499,1167842,3489,platinum,1159,5908,399,6052,1134048,14.81,187.38,0.58,0.98,,
1013,2499,1193977,3913,platinum,1074,5914,422,6109,1114906,14.01,182.50,0.64,0.97,,
1014,2488,1434644,5201,platinum,1358,7618,466,7513,1472132,16.35,195.94,0.69,1.01,,
1015,2481,1374969,3411,platinum,1188,6454,465,7320,1327627,13.88,181.37,0.47,0.88,,
1016,2479,1287835,4345,platinum,1417,6693,423,6862,1273653,15.82,185.61,0.63,0.98,,
1017,2474,1562672,5867,platinum,1693,7664,477,8231,1461527,16.07,177.56,0.71,0.93,,
1018,2472,1443168,4828,platinum,1359,7120,477,7714,1369636,14.93,177.55,0.63,0.92,,
1019,2465,1334265,4652,platinum,1257,6981,423,6765,1349361,16.50,199.46,0.69,1.03,,
1020,2461,1151264,4703,platinum,995,6396,393,6251,1239113,16.27,198.23,0.75,1.02,,
1021,2459,1426987,3849,platinum,1320,7488,436,7490,1400577,17.17,186.99,0.51,1.00,,
1022,2455,1543062,6340,platinum,1529,8169,489,7920,1545795,16.71,195.18,0.80,1.03,,
1023,2450,1403746,3590,platinum,1488,5805,431,7229,1194724,13.47,165.27,0.50,0.80,,
1024,2432,1554608,3430,platinum,1546,8188,555,8280,1541321,14.75,186.15,0.41,0.99,,
1025,2429,1515468,5488,platinum,1381,8026,500,7978,1540675,16.05,193.12,0.69,1.01,,
1026,2414,1596472,4364,platinum,1444,7382,512,8328,1350461,14.42,162.16,0.52,0.89,,
1027,2410,1530109,5873,platinum,1624,7928,482,8162,1489848,16.45,182.53,0.72,0.97,,
1028,2410,1415534,3885,platinum,1316,6173,516,7478,1190669,11.96,159.22,0.52,0.83,,
1029,2407,1311036,4399,platinum,1414,6158,431,7011,1184065,14.29,168.89,0.63,0.88,,
1030,2405,1167729,3630,platinum,1169,5769,402,6212,1140631,14.35,183.62,0.58,0.93,,
1031,2405,1456640,4097,platinum,1188,8154,453,7520,1519594,18.00,202.07,0.54,1.08,,
1032,2404,1352608,3462,platinum,1280,6202,413,7044,1173549,15.02,166.60,0.49,0.88,,
1033,2403,1525718,5425,platinum,1445,7553,487,7708,1433433,15.51,185.97,0.70,0.98,,
1034,2401,1629136,4977,diamond,1627,7938,595,8628,1534183,13.34,177.81,0.58,0.92,,
1035,2400,1185926,3897,platinum,1172,6160,394,6136,1138830,15.63,185.60,0.64,1.00,,
1036,2394,1518238,5385,platinum,1578,7513,489,7960,1459563,15.36,183.36,0.68,0.94,,
1037,2388,1216502,3517,platinum,1122,6323,403,6477,1271744,15.69,196.35,0.54,0.98,,
1038,2382,1300252,3631,platinum,1193,6235,437,6719,1222310,14.27,181.92,0.54,0.93,,
1039,2378,1472787,5787,platinum,1616,7570,478,7759,1439731,15.84,185.56,0.75,0.98,,
1040,2372,1398577,4385,platinum,1161,7125,463,7316,1323955,15.39,180.97,0.60,0.97,,
1041,2363,1704432,5341,diamond,1683,8511,562,8772,1524635,15.14,173.81,0.61,0.97,,
1042,2362,1358274,4361,platinum,1262,7195,428,6780,1372811,16.81,202.48,0.64,1.06,,
1043,2362,1401264,5118,platinum,1311,7931,457,7293,1499852,17.35,205.66,0.70,1.09,,
1044,2355,1298986,4126,platinum,1154,7108,436,6599,1313595,16.30,199.06,0.63,1.08,,
1045,2355,1438253,4576,platinum,1333,7113,460,7255,1357592,15.46,187.13,0.63,0.98,,
1046,2349,1318771,4467,platinum,1273,6827,414,6757,1292408,16.49,191.27,0.66,1.01,,
1047,2348,1354362,3560,gold,1149,6182,398,7145,1194840,15.53,167.23,0.50,0.87,,
1048,2348,1238316,4578,platinum,1203,6666,421,6483,1250300,15.83,192.86,0.71,1.03,,
1049,2347,1340280,5012,platinum,1383,7068,449,6992,1354167,15.74,193.67,0.72,1.01,,
1050,2346,1434112,5500,platinum,1167,6881,438,7315,1241766,15.71,169.76,0.75,0.94,,
1051,2343,1196608,4373,platinum,1190,6269,353,5816,1212360,17.76,208.45,0.75,1.08,,
1052,2339,1202132,3461,platinum,1236,6170,392,6366,1197800,15.74,188.16,0.54,0.97,,
1053,2333,1449403,4854,platinum,1249,7653,470,7607,1450889,16.28,190.73,0.64,1.01,,
1054,2332,1519295,5278,platinum,1536,7591,475,7991,1475115,15.98,184.60,0.66,0.95,,
1055,2326,1394471,3830,platinum,1197,7353,497,7334,1351078,14.79,184.22,0.52,1.00,,
1056,2322,1306571,4711,platinum,1287,7035,421,6691,1356603,16.71,202.75,0.70,1.05,,
1057,2320,1159363,3794,platinum,1005,6352,411,6100,1237666,15.45,202.90,0.62,1.04,,
1058,2318,1278882,3698,platinum,1298,6209,453,6888,1190495,13.71,172.84,0.54,0.90,,
1059,2317,1302957,4251,diamond,1118,6537,433,6871,1282426,15.10,186.64,0.62,0.95,,
1060,2308,1160949,4359,platinum,1054,6470,394,5894,1269313,16.42,215.36,0.74,1.10,,
1061,2300,1351891,3919,platinum,1186,5940,432,7127,1193661,13.75,167.48,0.55,0.83,,
1062,2299,1346653,4417,platinum,1171,6800,443,6916,1317603,15.35,190.52,0.64,0.98,,
1063,2298,1324315,4377,platinum,1291,7608,445,6817,1440312,17.10,211.28,0.64,1.12,,
1064,2294,1349618,5516,platinum,1204,7826,429,6891,1463306,18.24,212.35,0.80,1.14,,
1065,2291,1367668,4795,platinum,1335,7528,442,7143,1426940,17.03,199.77,0.67,1.05,,
1066,2286,1320484,4192,platinum,1439,6604,421,6971,1273741,15.69,182.72,0.60,0.95,,
1067,2286,1400245,4131,platinum,1408,7397,450,7160,1377945,16.44,192.45,0.58,1.03,,
1068,2285,1435020,3782,platinum,1294,7916,469,7229,1491741,16.88,206.36,0.52,1.10,,
1069,2284,1179013,3609,platinum,1047,6174,402,6143,1194098,15.36,194.38,0.59,1.01,,
1070,2282,1220790,4341,platinum,1149,6811,430,6330,1301531,15.84,205.61,0.69,1.08,,
1071,2276,1197256,4070,platinum,1236,6086,367,6181,1184165,16.58,191.58,0.66,0.98,,
1072,2260,1355460,3695,diamond,1195,6690,432,6785,1283716,15.49,189.20,0.54,0.99,,
1073,2259,1210195,3689,platinum,1071,6265,399,6350,1161737,15.70,182.95,0.58,0.99,,
1074,2258,1195787,4051,platinum,1048,6553,415,6236,1250305,15.79,200.50,0.65,1.05,,
1075,2258,1446576,3881,platinum,1377,6555,475,7681,1264755,13.80,164.66,0.51,0.85,,
1076,2258,1394064,3740,platinum,1434,6811,443,7334,1253198,15.37,170.88,0.51,0.93,,
1077,2243,1361555,4395,platinum,1261,7537,453,7092,1451990,16.64,204.74,0.62,1.06,,
1078,2243,1425408,4435,platinum,1502,7264,455,7645,1364576,15.96,178.49,0.58,0.95,,
1079,2242,1440855,4697,platinum,1323,7289,457,7299,1363011,15.95,186.74,0.64,1.00,,
1080,2239,1512507,4732,gold,1394,7926,471,7715,1494584,16.83,193.72,0.61,1.03,,
1081,2239,1379815,4095,platinum,1249,6806,428,7301,1282155,15.90,175.61,0.56,0.93,,
1082,2238,1290732,3847,platinum,1214,6619,401,6756,1247539,16.51,184.66,0.57,0.98,,
1083,2229,1365381,4179,platinum,1423,7396,433,7061,1307162,17.08,185.12,0.59,1.05,,
1084,2229,1156873,3425,platinum,800,6884,363,5982,1306049,18.96,218.33,0.57,1.15,,
1085,2229,1209023,4501,platinum,1134,6024,414,6317,1116320,14.55,176.72,0.71,0.95,,
1086,2229,1162044,4596,platinum,802,6858,417,6069,1362424,16.45,224.49,0.76,1.13,,
1087,2227,1485209,5388,platinum,1346,8484,500,7552,1542246,16.97,204.22,0.71,1.12,,
1088,2227,1551113,4248,platinum,1273,7527,486,8052,1384785,15.49,171.98,0.53,0.93,,
1089,2224,1350558,5075,platinum,1225,7562,435,6827,1436567,17.38,210.42,0.74,1.11,,
1090,2223,1569752,5030,gold,1542,7542,492,7914,1423746,15.33,179.90,0.64,0.95,,
1091,2219,1149973,3731,diamond,1113,6105,383,5983,1158332,15.94,193.60,0.62,1.02,,
1092,2215,1220028,3945,platinum,1213,6509,393,6309,1245721,16.56,197.45,0.63,1.03,,
1093,2210,1188218,3756,platinum,1223,5935,392,6096,1124722,15.14,184.50,0.62,0.97,,
1094,2210,1459465,6017,platinum,1482,8119,504,7674,1541861,16.11,200.92,0.78,1.06,,
1095,2208,1470792,4833,platinum,1337,7609,459,7460,1419993,16.58,190.35,0.65,1.02,,
1096,2202,1385529,5357,platinum,1370,7561,451,7421,1463885,16.76,197.26,0.72,1.02,,
1097,2201,1160290,3913,platinum,1047,6454,393,6271,1205637,16.42,192.26,0.62,1.03,,
1098,2197,1427593,5564,platinum,1313,7784,475,7545,1446260,16.39,191.68,0.74,1.03,,
1099,2194,1367690,4138,platinum,1153,8236,477,6890,1522195,17.27,220.93,0.60,1.20,,
1100,2194,1312648,4762,platinum,1263,6923,421,6814,1315164,16.44,193.01,0.70,1.02,,
1101,2194,1309953,3871,platinum,1241,5763,433,6787,1118887,13.31,164.86,0.57,0.85,,
1102,2189,1300638,4630,platinum,1276,6955,432,6980,1316239,16.10,188.57,0.66,1.00,,
1103,2182,1153221,3696,platinum,941,6688,394,5927,1269455,16.97,214.18,0.62,1.13,,
1104,2182,1376692,4271,platinum,1323,6643,471,7309,1262632,14.10,172.75,0.58,0.91,,
1105,2179,1196692,4338,platinum,1188,7353,411,6259,1377167,17.89,220.03,0.69,1.17,,
1106,2179,1219353,4190,platinum,1136,6030,408,6362,1188951,14.78,186.88,0.66,0.95,,
1107,2179,1286241,3978,platinum,1162,7753,438,6669,1407707,17.70,211.08,0.60,1.16,,
1108,2176,1320699,4589,platinum,1361,7360,419,6815,1382717,17.57,202.89,0.67,1.08,,
1109,2172,1233811,3769,platinum,1286,5786,407,6535,1148390,14.22,175.73,0.58,0.89,,
1110,2171,1293533,5492,platinum,1322,7076,443,6723,1336762,15.97,198.83,0.82,1.05,,
1111,2164,1278554,3476,platinum,1109,7412,403,6372,1348541,18.39,211.64,0.55,1.16,,
1112,2162,1202440,3478,platinum,1119,6388,427,6306,1209455,14.96,191.79,0.55,1.01,,
1113,2162,1405851,4789,platinum,1097,6854,428,6888,1322984,16.01,192.07,0.70,1.00,,
1114,2161,1358099,5471,platinum,1171,7138,450,7034,1324155,15.86,188.25,0.78,1.01,,
1115,2155,1314924,3952,platinum,1156,6844,445,7093,1285612,15.38,181.25,0.56,0.96,,
1116,2149,1292620,4944,platinum,1270,6495,383,6796,1221855,16.96,179.79,0.73,0.96,,
1117,2145,1222343,3979,platinum,1153,6274,377,6173,1197833,16.64,194.04,0.64,1.02,,
1118,2144,1494717,4603,platinum,1349,7487,468,7492,1391361,16.00,185.71,0.61,1.00,,
1119,2142,1534292,4885,platinum,1442,7385,475,8204,1385101,15.55,168.83,0.60,0.90,,
1120,2142,1224170,4326,platinum,1212,6436,403,6360,1191669,15.97,187.37,0.68,1.01,,
1121,2142,1232247,3946,platinum,1251,6446,396,6277,1200026,16.28,191.18,0.63,1.03,,
1122,2141,1365209,4429,diamond,1185,7147,457,7271,1338948,15.64,184.15,0.61,0.98,,
1123,2140,1177310,3998,gold,1117,5890,371,6199,1155123,15.88,186.34,0.64,0.95,,
1124,2139,1233136,3920,platinum,1102,6580,436,6364,1252040,15.09,196.74,0.62,1.03,,
1125,2137,1405949,3941,platinum,1334,7454,458,7485,1458904,16.28,194.91,0.53,1.00,,
1126,2135,1159743,3931,platinum,1035,5886,372,6049,1125869,15.82,186.12,0.65,0.97,,
1127,2132,1303351,4908,platinum,1365,6723,407,6679,1270921,16.52,190.29,0.73,1.01,,
1128,2132,1395526,4417,platinum,1201,7263,455,7147,1355292,15.96,189.63,0.62,1.02,,
1129,2130,1327227,4685,platinum,1393,6715,433,6889,1271119,15.51,184.51,0.68,0.97,,
1130,2129,1190191,3290,gold,1259,6388,409,6137,1202980,15.62,196.02,0.54,1.04,,
1131,2120,1321005,4043,platinum,1198,7289,425,6721,1369883,17.15,203.82,0.60,1.08,,
1132,2111,1530439,4609,platinum,1540,7496,476,7855,1348939,15.75,171.73,0.59,0.95,,
1133,2110,1286248,5117,diamond,1342,7250,452,6734,1382322,16.04,205.28,0.76,1.08,,
1134,2107,1181949,3792,platinum,1060,6470,416,5994,1210604,15.55,201.97,0.63,1.08,,
1135,2100,1422085,3798,platinum,1178,6927,426,6763,1328615,16.26,196.45,0.56,1.02,,
1136,2096,1205315,3683,platinum,1054,6952,427,6228,1272288,16.28,204.29,0.59,1.12,,
1137,2096,1299659,4234,platinum,1160,7045,417,6742,1363308,16.89,202.21,0.63,1.04,,
1138,2095,1318685,4775,platinum,1174,7210,450,6800,1340048,16.02,197.07,0.70,1.06,,
1139,2092,1216470,4408,platinum,1309,6508,357,6336,1236643,18.23,195.18,0.70,1.03,,
1140,2090,1232427,4098,platinum,1215,6173,406,6494,1173734,15.20,180.74,0.63,0.95,,
1141,2089,1283503,3833,platinum,1131,6005,384,6265,1139267,15.64,181.85,0.61,0.96,,
1142,2089,1369605,4241,platinum,1323,6303,455,6913,1174602,13.85,169.91,0.61,0.91,,
1143,2085,1223627,4279,platinum,1129,6047,404,6267,1145586,14.97,182.80,0.68,0.96,,
1144,2083,1361746,4686,platinum,1227,7204,419,7117,1374883,17.19,193.18,0.66,1.01,,
1145,2082,1193815,3960,platinum,1258,5780,343,6005,1102342,16.85,183.57,0.66,0.96,,
1146,2081,1288973,4406,platinum,1158,7728,433,6635,1424214,17.85,214.65,0.66,1.16,,
1147,2073,1200214,4349,platinum,1076,6854,396,6192,1348048,17.31,217.71,0.70,1.11,,
1148,2064,1176667,3745,platinum,1032,6159,400,6171,1213898,15.40,196.71,0.61,1.00,,
1149,2063,1371409,5286,platinum,1203,7155,441,6957,1340154,16.22,192.63,0.76,1.03,,
1150,2060,1219785,4015,platinum,1181,6162,394,6271,1183587,15.64,188.74,0.64,0.98,,
1151,2058,1172984,4441,gold,1074,6727,402,6074,1277568,16.73,210.33,0.73,1.11,,
1152,2050,1509672,4257,platinum,1315,8257,469,8010,1545518,17.61,192.95,0.53,1.03,,
1153,2048,1143044,4508,platinum,1058,6600,383,6028,1247135,17.23,206.89,0.75,1.09,,
1154,2045,1294144,4230,platinum,1214,6467,435,6703,1238631,14.87,184.79,0.63,0.96,,
1155,2045,1141285,4341,diamond,1079,6065,376,5844,1119915,16.13,191.64,0.74,1.04,,
1156,2044,1608393,4852,platinum,1571,8067,524,8359,1522972,15.40,182.20,0.58,0.97,,
1157,2043,1274511,3995,platinum,1255,6543,411,6533,1220661,15.92,186.85,0.61,1.00,,
1158,2042,1178045,4080,platinum,1106,5961,402,6078,1134545,14.83,186.66,0.67,0.98,,
1159,2042,1181444,3983,platinum,1300,6126,364,6162,1160038,16.83,188.26,0.65,0.99,,
1160,2039,1172963,4241,platinum,915,6783,459,6046,1243622,14.78,205.69,0.70,1.12,,
1161,2036,1300159,5668,platinum,1172,7003,425,6890,1301439,16.48,188.89,0.82,1.02,,
1162,2034,1421952,4858,platinum,1421,7725,468,7613,1480185,16.51,194.43,0.64,1.01,,
1163,2034,1548034,5455,platinum,1495,7375,514,7943,1384676,14.35,174.33,0.69,0.93,,
1164,2033,1154756,3953,platinum,1096,5873,385,6191,1110032,15.25,179.30,0.64,0.95,,
1165,2032,1344989,4915,platinum,1236,7139,469,6962,1378179,15.22,197.96,0.71,1.03,,
1166,2031,1146797,4064,platinum,1005,6412,392,5921,1227348,16.36,207.29,0.69,1.08,,
1167,2024,1323378,3578,platinum,1308,6725,389,6655,1232860,17.29,185.25,0.54,1.01,,
1168,2024,1304704,3543,platinum,1329,6642,409,6536,1262947,16.24,193.23,0.54,1.02,,
1169,2022,1368315,4136,platinum,1356,6817,427,6864,1286928,15.96,187.49,0.60,0.99,,
1170,2017,1175300,4784,platinum,1059,6772,396,6175,1285277,17.10,208.14,0.77,1.10,,
1171,2016,1300923,3849,platinum,1305,6482,409,6895,1250195,15.85,181.32,0.56,0.94,,
1172,2013,1314535,4831,platinum,1174,7473,433,6981,1415406,17.26,202.75,0.69,1.07,,
1173,2009,1200169,3497,platinum,960,6639,451,6366,1238095,14.72,194.49,0.55,1.04,,
1174,2009,1163097,3752,platinum,1039,6796,392,5984,1267345,17.34,211.79,0.63,1.14,,
1175,2007,1513813,5325,platinum,1432,7563,481,8063,1434318,15.72,177.89,0.66,0.94,,
1176,2006,1343947,4477,gold,1270,6912,414,6711,1293056,16.70,192.68,0.67,1.03,,
1177,2004,1233394,4407,platinum,1046,6770,402,6419,1315738,16.84,204.98,0.69,1.05,,
1178,2000,1139619,3519,platinum,1148,5946,372,5970,1134118,15.98,189.97,0.59,1.00,,
1179,1995,1313836,4627,platinum,1389,6561,407,6689,1260376,16.12,188.43,0.69,0.98,,
1180,1989,1328538,4032,gold,1259,6286,466,7074,1200457,13.49,169.70,0.57,0.89,,
1181,1985,1433042,4756,platinum,1385,7944,469,7424,1498787,16.94,201.88,0.64,1.07,,
1182,1978,1150587,5131,platinum,1228,6591,389,5935,1251406,16.94,210.85,0.86,1.11,,
1183,1977,1290508,4577,platinum,1177,6941,429,6708,1311811,16.18,195.56,0.68,1.03,,
1184,1974,1310243,3913,platinum,1186,6962,429,6907,1316305,16.23,190.58,0.57,1.01,,
1185,1966,1227653,3685,platinum,1080,6131,378,6251,1168993,16.22,187.01,0.59,0.98,,
1186,1966,1310472,5143,platinum,1264,6786,454,6850,1290946,14.95,188.46,0.75,0.99,,
1187,1964,1137699,3885,platinum,1034,6724,367,5676,1304280,18.32,229.79,0.68,1.18,,
1188,1953,1354315,4014,platinum,1292,6374,412,7103,1260318,15.47,177.43,0.57,0.90,,
1189,1952,1345021,5646,platinum,1239,7305,418,6814,1338416,17.48,196.42,0.83,1.07,,
1190,1949,1187879,3530,platinum,1146,5957,375,6189,1103173,15.89,178.25,0.57,0.96,,
1191,1947,1216544,5312,platinum,1019,7183,422,6220,1341322,17.02,215.65,0.85,1.15,,
1192,1945,1425904,3761,platinum,1077,7157,444,7312,1352790,16.12,185.01,0.51,0.98,,
1193,1944,1296649,4713,diamond,1175,6947,428,6539,1344614,16.23,205.63,0.72,1.06,,
1194,1942,1279464,3490,platinum,1253,6114,423,6457,1153148,14.45,178.59,0.54,0.95,,
1195,1931,1168706,4528,platinum,1187,6209,391,6177,1208030,15.88,195.57,0.73,1.01,,
1196,1923,1207722,3838,diamond,1294,5964,364,6104,1104253,16.38,180.91,0.63,0.98,,
1197,1919,1236877,4802,platinum,1184,6633,404,6490,1234143,16.42,190.16,0.74,1.02,,
1198,1915,1192245,3935,platinum,1066,6353,381,6129,1202163,16.67,196.14,0.64,1.04,,
1199,1914,1134121,3944,platinum,1107,6188,359,5800,1120595,17.24,193.21,0.68,1.07,,
1200,1913,1182129,3927,platinum,1252,5914,371,6090,1151071,15.94,189.01,0.64,0.97,,
1201,1912,1345864,5189,platinum,1224,7321,419,6841,1376937,17.47,201.28,0.76,1.07,,
1202,1907,1174761,3894,platinum,1073,6203,357,6014,1188848,17.38,197.68,0.65,1.03,,
1203,1907,1323798,4941,platinum,1338,6736,426,7092,1289351,15.81,181.80,0.70,0.95,,
1204,1906,1137839,3941,platinum,1190,5786,359,5848,1115102,16.12,190.68,0.67,0.99,,
1205,1906,1177053,3474,platinum,1023,6060,380,6176,1129328,15.95,182.86,0.56,0.98,,
1206,1905,1224132,4568,platinum,1107,6419,416,6528,1222114,15.43,187.21,0.70,0.98,,
1207,1903,1346815,4152,platinum,1378,7249,434,6975,1349770,16.70,193.52,0.60,1.04,,
1208,1903,1308209,4253,platinum,1125,6760,421,6558,1293411,16.06,197.23,0.65,1.03,,
1209,4443,2013371,5656,diamond,2353,7988,623,10544,1550861,12.82,147.08,0.54,0.76,,
1210,4262,2114163,5098,diamond,2184,10133,710,11110,1934808,14.27,174.15,0.46,0.91,,
1211,4234,1936327,4978,diamond,1978,8557,597,10100,1575181,14.33,155.96,0.49,0.85,,
1212,4025,2317130,7441,ascendant,2216,12810,708,11934,2414422,18.09,202.31,0.62,1.07,,
1213,3982,1963389,5947,diamond,2084,10105,634,10246,1898883,15.94,185.33,0.58,0.99,,
1214,3840,2263279,7636,diamond,2383,12098,702,11739,2275199,17.23,193.82,0.65,1.03,,
1215,3818,1792001,5475,diamond,1723,9690,636,9350,1890595,15.24,202.20,0.59,1.04,,
1216,3700,1813468,5289,diamond,1790,8818,597,9551,1743314,14.77,182.53,0.55,0.92,,
1217,3663,2605959,10353,diamond,2767,12970,792,13590,2446721,16.38,180.04,0.76,0.95,,
1218,3651,1863216,5249,diamond,2033,8316,566,9772,1605382,14.69,164.28,0.54,0.85,,
1219,3650,1612148,3868,diamond,1682,7327,549,8595,1408450,13.35,163.87,0.45,0.85,,
1220,3579,1534783,4231,diamond,1672,6395,513,8186,1207987,12.47,147.57,0.52,0.78,,
1221,3529,1942723,6336,diamond,2063,9836,590,9866,1946987,16.67,197.34,0.64,1.00,,
1222,3500,1653455,5051,diamond,1396,8094,528,8425,1585488,15.33,188.19,0.60,0.96,,
1223,3476,1853954,6697,diamond,1824,9998,597,9607,1900687,16.75,197.84,0.70,1.04,,
1224,3456,1947335,6393,diamond,1957,10127,663,10270,1857758,15.27,180.89,0.62,0.99,,
1225,3430,2044744,7638,diamond,2002,10940,657,10469,2057190,16.65,196.50,0.73,1.04,,
1226,3426,2214495,8621,diamond,2058,12725,715,11528,2379111,17.80,206.38,0.75,1.10,,
1227,3316,1708385,6575,diamond,1804,9208,552,8828,1762315,16.68,199.63,0.74,1.04,,
1228,3280,2405835,9000,diamond,2437,12147,760,12690,2360467,15.98,186.01,0.71,0.96,,
1229,3274,1614401,5143,diamond,1703,8441,533,8264,1640505,15.84,198.51,0.62,1.02,,
1230,3267,1976470,6099,diamond,1982,9449,599,10159,1853936,15.77,182.49,0.60,0.93,,
1231,3237,1732502,5391,diamond,1712,8686,607,9089,1650619,14.31,181.61,0.59,0.96,,
1232,3235,1642323,4799,diamond,1720,8210,538,8393,1572768,15.26,187.39,0.57,0.98,,
1233,3146,1810772,5302,diamond,1929,9014,597,9633,1635436,15.10,169.77,0.55,0.94,,
1234,3132,1691131,6071,diamond,1844,8176,484,8576,1522548,16.89,177.54,0.71,0.95,,
1235,3123,1544086,5789,diamond,1615,7656,510,7987,1462873,15.01,183.16,0.72,0.96,,
1236,3101,1750113,5867,diamond,2049,8048,548,9076,1541711,14.69,169.87,0.65,0.89,,
1237,3081,1401270,4255,diamond,1377,6613,424,7020,1262289,15.60,179.81,0.61,0.94,,
1238,3066,1582874,5756,diamond,1660,7319,474,7998,1336394,15.44,167.09,0.72,0.92,,
1239,3062,1213881,4496,diamond,1068,6764,435,6266,1267504,15.55,202.28,0.72,1.08,,
1240,3041,1681667,4826,diamond,1781,7151,521,8804,1376276,13.73,156.32,0.55,0.81,,
1241,3036,1730088,5212,diamond,1636,7997,543,9078,1489488,14.73,164.08,0.57,0.88,,
1242,3032,1763244,6195,diamond,1768,9432,606,9183,1796127,15.56,195.59,0.67,1.03,,
1243,3024,1423668,4477,ascendant,1490,7080,427,7277,1331223,16.58,182.94,0.62,0.97,,
1244,3006,1904521,7125,diamond,1943,9597,586,9793,1835930,16.38,187.47,0.73,0.98,,
1245,2991,1738700,4415,diamond,1700,8958,572,9069,1735469,15.66,191.36,0.49,0.99,,
1246,2980,1594528,5604,diamond,1797,7572,494,8254,1465865,15.33,177.59,0.68,0.92,,
1247,2963,1376069,3778,platinum,1366,6487,423,7271,1211433,15.34,166.61,0.52,0.89,,
1248,2939,1269201,3697,diamond,1294,6127,425,6491,1148034,14.42,176.87,0.57,0.94,,
1249,2929,1403428,4034,diamond,1245,6641,461,7548,1277784,14.41,169.29,0.53,0.88,,
1250,2926,1452877,4353,diamond,1226,8525,489,7710,1560168,17.43,202.36,0.56,1.11,,
1251,2912,1525168,3835,diamond,1654,6096,494,8119,1252145,12.34,154.22,0.47,0.75,,
1252,2870,1735729,3770,diamond,1788,9244,562,8960,1655185,16.45,184.73,0.42,1.03,,
1253,2857,1381430,3627,diamond,1392,6206,463,7141,1244237,13.40,174.24,0.51,0.87,,
1254,2855,1554282,5991,diamond,1318,8234,541,8239,1558391,15.22,189.15,0.73,1.00,,
1255,2849,1774327,5429,diamond,1618,8659,595,9336,1678682,14.55,179.81,0.58,0.93,,
1256,2842,1663924,5707,diamond,1897,8622,552,8734,1686954,15.62,193.15,0.65,0.99,,
1257,2842,1770805,5700,diamond,1763,8390,593,9317,1640386,14.15,176.06,0.61,0.90,,
1258,2837,1380900,3728,diamond,1398,6337,461,7088,1217351,13.75,171.75,0.53,0.89,,
1259,2834,1890557,6806,diamond,1925,9811,590,9777,1859808,16.63,190.22,0.70,1.00,,
1260,2818,1784968,6318,diamond,1654,8676,595,9263,1614037,14.58,174.25,0.68,0.94,,
1261,2818,1160513,3989,diamond,1268,5898,416,6303,1090745,14.18,173.05,0.63,0.94,,
1262,2802,1611210,5325,diamond,1619,8269,544,8328,1531696,15.20,183.92,0.64,0.99,,
1263,2788,1410287,4867,diamond,1401,6865,448,7160,1257354,15.32,175.61,0.68,0.96,,
1264,2781,1547593,4808,diamond,1883,7433,489,8315,1417953,15.20,170.53,0.58,0.89,,
1265,2756,1234184,3957,diamond,1190,6342,446,6500,1223846,14.22,188.28,0.61,0.98,,
1266,2753,1600249,5931,diamond,1792,8040,529,8635,1541375,15.20,178.50,0.69,0.93,,
1267,2743,1604521,4161,platinum,1600,8139,515,8160,1541223,15.80,188.88,0.51,1.00,,
1268,2729,1286422,4604,diamond,1258,6540,435,6650,1260413,15.03,189.54,0.69,0.98,,
1269,2724,1455510,4925,diamond,1397,7172,481,7538,1350940,14.91,179.22,0.65,0.95,,
1270,2723,1697588,5682,diamond,1669,8370,522,8455,1549088,16.03,183.22,0.67,0.99,,
1271,2718,1614877,5606,diamond,1693,7125,509,8196,1317185,14.00,160.71,0.68,0.87,,
1272,2711,1404297,4701,diamond,1291,7204,459,7375,1380171,15.69,187.14,0.64,0.98,,
1273,2693,1248186,3729,diamond,1299,5948,427,6625,1139707,13.93,172.03,0.56,0.90,,
1274,2691,1269709,4070,diamond,1221,6627,411,6357,1251690,16.12,196.90,0.64,1.04,,
1275,2690,1649280,6852,diamond,1668,9244,507,8394,1719848,18.23,204.89,0.82,1.10,,
1276,2683,1366562,4357,diamond,1374,6861,434,7075,1327101,15.81,187.58,0.62,0.97,,
1277,2682,1265926,3711,diamond,1338,6299,406,6485,1212603,15.51,186.99,0.57,0.97,,
1278,2674,1782017,6144,diamond,1927,9546,579,9299,1773350,16.49,190.70,0.66,1.03,,
1279,2635,1250255,3929,diamond,1147,5810,440,6706,1115099,13.20,166.28,0.59,0.87,,
1280,2623,1275297,3769,diamond,1251,5997,424,6562,1165545,14.14,177.62,0.57,0.91,,
1281,2605,1727149,5771,diamond,1644,8863,517,8898,1729026,17.14,194.32,0.65,1.00,,
1282,2604,1538429,4577,diamond,1703,7762,497,7917,1413744,15.62,178.57,0.58,0.98,,
1283,2603,1468092,4774,diamond,1335,7257,460,7852,1418348,15.78,180.64,0.61,0.92,,
1284,2600,1732499,5289,diamond,1904,8848,552,8858,1705224,16.03,192.51,0.60,1.00,,
1285,2600,1534696,6296,diamond,1711,8395,513,8072,1550734,16.36,192.11,0.78,1.04,,
1286,2598,1222000,3956,diamond,1305,6199,425,6309,1190184,14.59,188.65,0.63,0.98,,
1287,2590,1660964,5176,diamond,1949,7892,524,8728,1524486,15.06,174.67,0.59,0.90,,
1288,2589,1721365,6992,ascendant,1705,8710,591,8789,1617658,14.74,184.05,0.80,0.99,,
1289,2574,1190830,3899,diamond,1327,5957,407,6258,1111029,14.64,177.54,0.62,0.95,,
1290,2567,1669164,6415,diamond,1823,9183,522,8688,1691073,17.59,194.64,0.74,1.06,,
1291,2556,1681159,6272,diamond,1613,8734,507,8569,1617576,17.23,188.77,0.73,1.02,,
1292,2554,1487889,3799,diamond,1223,7501,488,7557,1443879,15.37,191.07,0.50,0.99,,
1293,2548,1371089,5361,diamond,1347,6824,434,7132,1274428,15.72,178.69,0.75,0.96,,
1294,2542,1705011,7331,ascendant,1964,9482,577,8914,1757071,16.43,197.11,0.82,1.06,,
1295,2539,1211876,3628,diamond,1214,5916,371,6157,1162926,15.95,188.88,0.59,0.96,,
1296,2531,1396578,4557,platinum,1353,6789,457,7206,1299900,14.86,180.39,0.63,0.94,,
1297,2527,1255085,4895,diamond,1219,7308,466,6623,1385490,15.68,209.19,0.74,1.10,,
1298,2527,1456474,5249,ascendant,1625,6967,455,7608,1303278,15.31,171.30,0.69,0.92,,
1299,2527,1144336,4182,diamond,1126,5936,370,5946,1145743,16.04,192.69,0.70,1.00,,
1300,2522,1155423,4728,diamond,1086,6737,386,6014,1246143,17.45,207.21,0.79,1.12,,
1301,2512,1284168,3772,diamond,1169,5947,426,6566,1114948,13.96,169.81,0.57,0.91,,
1302,2510,1204123,4767,diamond,1241,6876,402,6298,1320531,17.10,209.67,0.76,1.09,,
1303,2504,1277577,3758,diamond,1281,5910,401,6569,1133050,14.74,172.48,0.57,0.90,,
1304,2500,1493420,3838,platinum,1396,7514,468,7616,1462646,16.06,192.05,0.50,0.99,,
1305,2494,1243684,4178,diamond,1302,5824,403,6452,1086989,14.45,168.47,0.65,0.90,,
1306,2487,1821504,5800,diamond,2011,9298,593,9477,1746486,15.68,184.29,0.61,0.98,,
1307,2483,1504245,5329,diamond,1885,7102,469,7814,1353587,15.14,173.23,0.68,0.91,,
1308,2480,1187549,4169,diamond,1048,6399,456,6315,1194215,14.03,189.11,0.66,1.01,,
1309,2475,1157980,3598,diamond,1243,5894,371,6023,1094799,15.89,181.77,0.60,0.98,,
1310,2473,1436343,4714,diamond,1201,7273,486,7432,1369171,14.97,184.23,0.63,0.98,,
1311,2463,1282489,4563,diamond,1337,6590,435,6772,1274116,15.15,188.14,0.67,0.97,,
1312,2461,1376983,4995,diamond,1352,6944,418,6854,1276061,16.61,186.18,0.73,1.01,,
1313,2450,1462832,4049,diamond,1351,8157,505,7735,1574126,16.15,203.51,0.52,1.05,,
1314,2448,1399586,4453,diamond,1195,6977,463,7179,1320718,15.07,183.97,0.62,0.97,,
1315,2448,1229137,3924,diamond,1181,6072,397,6533,1146081,15.29,175.43,0.60,0.93,,
1316,2441,1425500,4341,diamond,1309,6758,426,7032,1271420,15.86,180.80,0.62,0.96,,
1317,2428,1745957,4480,diamond,1406,9035,520,8873,1698302,17.38,191.40,0.50,1.02,,
1318,2422,1186794,3862,diamond,1170,5805,419,6221,1107345,13.85,178.00,0.62,0.93,,
1319,2408,1618813,5780,diamond,1703,8695,486,7968,1607220,17.89,201.71,0.73,1.09,,
1320,2403,1111769,4174,diamond,1153,5975,398,5796,1138756,15.01,196.47,0.72,1.03,,
1321,2403,1367797,4809,platinum,1188,7184,434,7024,1400494,16.55,199.39,0.68,1.02,,
1322,2393,1250181,5021,diamond,1299,7434,440,6454,1390754,16.90,215.49,0.78,1.15,,
1323,2386,1253038,4484,diamond,1302,6412,404,6520,1186232,15.87,181.94,0.69,0.98,,
1324,2386,1285417,4428,diamond,1406,5922,381,6731,1132382,15.54,168.23,0.66,0.88,,
1325,2369,1820153,7036,diamond,1699,9078,582,9462,1679672,15.60,177.52,0.74,0.96,,
1326,2369,1219925,3656,diamond,1160,6437,420,6384,1187827,15.33,186.06,0.57,1.01,,
1327,2367,1284202,4099,diamond,1268,6796,409,6440,1262753,16.62,196.08,0.64,1.06,,
1328,2363,1116386,4130,diamond,1194,5948,383,5861,1144188,15.53,195.22,0.70,1.01,,
1329,2361,1197779,4799,diamond,1038,6215,427,6258,1129381,14.56,180.47,0.77,0.99,,
1330,2353,1501903,5952,diamond,1633,8098,487,7830,1541713,16.63,196.90,0.76,1.03,,
1331,2352,1471804,5314,diamond,1397,7028,422,7620,1337689,16.65,175.55,0.70,0.92,,
1332,2352,1650460,5673,diamond,1749,8594,537,8440,1628668,16.00,192.97,0.67,1.02,,
1333,2350,1359316,4874,diamond,1146,6970,476,7234,1321719,14.64,182.71,0.67,0.96,,
1334,2348,1280309,5123,platinum,1198,6928,422,6493,1301321,16.42,200.42,0.79,1.07,,
1335,2347,1206560,3709,diamond,1239,6026,387,6295,1138509,15.57,180.86,0.59,0.96,,
1336,2337,1402362,3827,diamond,1689,5763,447,7327,1131147,12.89,154.38,0.52,0.79,,
1337,2335,1587533,6703,diamond,1131,9110,581,8172,1744521,15.68,213.48,0.82,1.11,,
1338,2332,1391596,4599,platinum,1333,7236,456,7079,1382171,15.87,195.25,0.65,1.02,,
1339,2331,1551364,4928,diamond,1631,7901,498,8051,1484743,15.87,184.42,0.61,0.98,,
1340,2328,1105552,3728,diamond,1177,5644,350,5840,1086240,16.13,186.00,0.64,0.97,,
1341,2327,1215624,3957,diamond,1198,6246,346,6217,1208719,18.05,194.42,0.64,1.00,,
1342,2326,1217892,3778,diamond,1265,6138,397,6322,1215399,15.46,192.25,0.60,0.97,,
1343,2326,1209998,4956,diamond,1039,6870,407,6486,1256400,16.88,193.71,0.76,1.06,,
1344,2325,1217396,3893,diamond,1253,5772,395,6276,1089517,14.61,173.60,0.62,0.92,,
1345,2320,1124930,3936,diamond,1233,5609,372,6031,1104547,15.08,183.14,0.65,0.93,,
1346,2312,1283770,3970,diamond,1203,7285,428,6504,1314291,17.02,202.07,0.61,1.12,,
1347,2311,1171327,3716,diamond,1332,6603,394,6119,1247028,16.76,203.80,0.61,1.08,,
1348,2307,1366238,6329,diamond,1179,7866,445,7060,1436546,17.68,203.48,0.90,1.11,,
1349,2303,1193555,3540,diamond,1120,5955,409,6291,1184214,14.56,188.24,0.56,0.95,,
1350,2302,1160076,4565,diamond,1222,5947,352,5889,1093273,16.89,185.65,0.78,1.01,,
1351,2294,1199734,3544,diamond,1182,6338,423,6311,1194583,14.98,189.29,0.56,1.00,,
1352,2294,1216137,3774,diamond,1294,5652,361,6330,1092857,15.66,172.65,0.60,0.89,,
1353,2294,1356418,5467,ascendant,1275,8125,479,6863,1482871,16.96,216.07,0.80,1.18,,
1354,2292,1149281,4224,diamond,1028,6039,395,6107,1203430,15.29,197.06,0.69,0.99,,
1355,2286,1187054,3882,diamond,1327,6182,389,6089,1175056,15.89,192.98,0.64,1.02,,
1356,2282,1404360,4275,diamond,1406,6218,409,7372,1122921,15.20,152.32,0.58,0.84,,
1357,2279,1145461,3598,diamond,1104,5857,395,5869,1092472,14.83,186.14,0.61,1.00,,
1358,2275,1252141,5227,diamond,1372,6817,387,6476,1281436,17.61,197.87,0.81,1.05,,
1359,2272,1226116,4326,diamond,1390,6204,421,6593,1178698,14.74,178.78,0.66,0.94,,
1360,2265,1121692,3569,diamond,935,5877,397,5896,1156496,14.80,196.15,0.61,1.00,,
1361,2259,1183485,3906,diamond,1061,6368,388,6275,1204812,16.41,192.00,0.62,1.01,,
1362,2256,1208354,4819,diamond,1146,6337,397,6067,1219348,15.96,200.98,0.79,1.04,,
1363,2254,1518532,6258,diamond,1673,8635,493,7891,1607668,17.52,203.73,0.79,1.09,,
1364,2254,1429460,5151,ascendant,1469,7043,469,7650,1332657,15.02,174.20,0.67,0.92,,
1365,2254,1423642,4947,diamond,1307,6755,449,7155,1282579,15.04,179.26,0.69,0.94,,
1366,2253,1155149,3638,diamond,1267,5780,358,6231,1142754,16.15,183.40,0.58,0.93,,
1367,2253,1263222,4729,diamond,1277,6696,397,6515,1279013,16.87,196.32,0.73,1.03,,
1368,2252,1111836,4722,diamond,952,5854,377,5838,1116344,15.53,191.22,0.81,1.00,,
1369,2249,1243496,5135,diamond,1195,6684,416,6441,1255787,16.07,194.97,0.80,1.04,,
1370,2249,1111397,4218,diamond,1194,6056,380,5650,1131492,15.94,200.26,0.75,1.07,,
1371,2238,1187941,4061,diamond,1174,6162,411,6194,1202437,14.99,194.13,0.66,0.99,,
1372,2233,1461737,5865,diamond,1367,8555,469,7783,1603817,18.24,206.07,0.75,1.10,,
1373,2225,1422008,6108,ascendant,1673,7964,445,7354,1480996,17.90,201.39,0.83,1.08,,
1374,2224,1213877,4577,diamond,1296,6527,423,6445,1230846,15.43,190.98,0.71,1.01,,
1375,2216,1393899,5847,diamond,1318,7693,431,7246,1478472,17.85,204.04,0.81,1.06,,
1376,2212,1285595,4987,diamond,1290,6893,415,6727,1301372,16.61,193.46,0.74,1.02,,
1377,2211,1138895,3969,diamond,1106,6109,361,5695,1184496,16.92,207.99,0.70,1.07,,
1378,2207,1362827,5306,diamond,1304,7042,453,7369,1293699,15.55,175.56,0.72,0.96,,
1379,2196,1285440,3946,diamond,1317,6263,406,6383,1188333,15.43,186.17,0.62,0.98,,
1380,2192,1501650,5556,diamond,1703,7694,490,7858,1463806,15.70,186.28,0.71,0.98,,
1381,2184,1179724,4266,diamond,1104,6325,406,6052,1219529,15.58,201.51,0.70,1.05,,
1382,2184,1204177,3787,diamond,1165,6096,371,6239,1162090,16.43,186.26,0.61,0.98,,
1383,2179,1286920,4962,diamond,1372,6694,403,6736,1283859,16.61,190.60,0.74,0.99,,
1384,2179,1145753,3924,diamond,1202,5825,388,6024,1101671,15.01,182.88,0.65,0.97,,
1385,2172,1380412,4575,diamond,1323,7129,452,7022,1390611,15.77,198.04,0.65,1.02,,
1386,2164,1207113,3540,diamond,1130,5618,413,6371,1099569,13.60,172.59,0.56,0.88,,
1387,2157,1185761,4602,ascendant,1236,5932,377,6220,1107297,15.73,178.02,0.74,0.95,,
1388,2156,1240045,4269,diamond,1241,6408,406,6163,1175962,15.78,190.81,0.69,1.04,,
1389,2154,1120348,3687,diamond,1003,5830,361,5598,1084204,16.15,193.68,0.66,1.04,,
1390,2153,1423281,5390,diamond,1783,7152,451,7536,1348756,15.86,178.98,0.72,0.95,,
1391,2152,1210716,4951,diamond,1146,6518,422,6396,1194255,15.45,186.72,0.77,1.02,,
1392,2148,1129220,3720,diamond,1202,5872,348,5908,1146373,16.87,194.04,0.63,0.99,,
1393,2145,1177788,4143,diamond,1199,6088,391,6206,1165371,15.57,187.78,0.67,0.98,,
1394,2144,1389991,4605,diamond,1258,7394,421,6781,1392255,17.56,205.32,0.68,1.09,,
1395,2140,1266696,4848,diamond,1209,6424,426,6465,1200379,15.08,185.67,0.75,0.99,,
1396,2134,1177475,3627,diamond,1280,5680,357,5984,1114637,15.91,186.27,0.61,0.95,,
1397,2132,1162547,4154,diamond,1171,6391,395,6118,1230366,16.18,201.11,0.68,1.04,,
1398,2131,1237573,4331,diamond,1307,6612,388,6471,1293435,17.04,199.88,0.67,1.02,,
1399,2129,1117176,4132,ascendant,1139,5876,375,5701,1122498,15.67,196.89,0.72,1.03,,
1400,2129,1167960,3718,platinum,1136,6041,371,5961,1192106,16.28,199.98,0.62,1.01,,
1401,2117,1230427,4072,diamond,1277,5771,402,6415,1115175,14.36,173.84,0.63,0.90,,
1402,2117,1236005,3687,diamond,1237,6191,458,6687,1163705,13.52,174.02,0.55,0.93,,
1403,2110,1175445,4030,diamond,1137,6052,406,6154,1167874,14.91,189.77,0.65,0.98,,
1404,2106,1179284,4733,diamond,1160,6425,401,6142,1218701,16.02,198.42,0.77,1.05,,
1405,2099,1266764,3476,platinum,1220,6154,447,6804,1180402,13.77,173.49,0.51,0.90,,
1406,2096,1158474,3605,diamond,1077,5832,385,6101,1118528,15.15,183.34,0.59,0.96,,
1407,2096,1271947,4480,diamond,1325,6888,425,6669,1299463,16.21,194.85,0.67,1.03,,
1408,2094,1161364,3994,diamond,1131,5828,386,6123,1122419,15.10,183.31,0.65,0.95,,
1409,2093,1131243,4166,diamond,1048,5859,385,5955,1154881,15.22,193.93,0.70,0.98,,
1410,2088,1374464,5736,diamond,1384,7684,435,7069,1468822,17.66,207.78,0.81,1.09,,
1411,2085,1105004,3968,diamond,1062,5855,397,5772,1096319,14.75,189.94,0.69,1.01,,
1412,2083,1115885,3989,diamond,952,6250,387,5664,1174256,16.15,207.32,0.70,1.10,,
1413,2081,1218391,4354,diamond,1273,6208,403,6271,1158858,15.40,184.80,0.69,0.99,,
1414,2075,1155837,3545,diamond,1171,6184,377,6003,1192512,16.40,198.65,0.59,1.03,,
1415,2068,1240700,4330,diamond,1389,5849,391,6563,1158798,14.96,176.57,0.66,0.89,,
1416,2062,1366172,4900,diamond,1334,6942,436,6960,1296382,15.92,186.26,0.70,1.00,,
1417,2062,1282351,4688,diamond,1235,7135,453,6700,1354551,15.75,202.17,0.70,1.06,,
1418,2060,1561109,5690,diamond,1391,8000,484,8207,1515730,16.53,184.69,0.69,0.97,,
1419,2057,1178258,4557,diamond,1038,6214,396,6114,1155894,15.69,189.06,0.75,1.02,,
1420,2055,1167644,4403,diamond,1193,6298,386,6129,1210181,16.32,197.45,0.72,1.03,,
1421,2054,1143257,3987,diamond,1285,5642,349,5987,1089970,16.17,182.06,0.67,0.94,,
1422,2053,1209207,4390,diamond,1110,6226,394,6447,1204633,15.80,186.85,0.68,0.97,,
1423,2048,1146921,3535,diamond,1189,5837,374,6065,1113759,15.61,183.64,0.58,0.96,,
1424,2045,1211396,4615,diamond,1391,6455,396,6289,1250069,16.30,198.77,0.73,1.03,,
1425,2044,1124266,4511,diamond,1077,6019,395,6054,1144309,15.24,189.02,0.75,0.99,,
1426,2043,1503075,5636,diamond,1370,8564,462,7682,1577946,18.54,205.41,0.73,1.11,,
1427,2042,1231470,4906,diamond,1047,7102,413,6615,1319646,17.20,199.49,0.74,1.07,,
1428,2041,1208301,4439,ascendant,1291,6391,387,6356,1236472,16.51,194.54,0.70,1.01,,
1429,2039,1160757,4758,diamond,1172,6144,352,5980,1168096,17.45,195.33,0.80,1.03,,
1430,2034,1253659,4559,diamond,1129,6684,406,6471,1247554,16.46,192.79,0.70,1.03,,
1431,2030,1216646,4566,diamond,1204,6390,420,6291,1209442,15.21,192.25,0.73,1.02,,
1432,2030,1153626,4287,diamond,1209,6191,358,6003,1183245,17.29,197.11,0.71,1.03,,
1433,2025,1264794,4378,diamond,1126,6584,388,6418,1193768,16.97,186.00,0.68,1.03,,
1434,2023,1226839,4620,diamond,1083,6847,422,6446,1280914,16.23,198.71,0.72,1.06,,
1435,2014,1208935,4330,diamond,1283,6199,376,6401,1172580,16.49,183.19,0.68,0.97,,
1436,2012,1410801,4659,diamond,1340,6954,415,6876,1335723,16.76,194.26,0.68,1.01,,
1437,2002,1275698,3628,diamond,1322,5900,398,6576,1131192,14.82,172.02,0.55,0.90,,
1438,2001,1196766,4680,diamond,1158,6239,401,6326,1200299,15.56,189.74,0.74,0.99,,
1439,1998,1269341,4877,diamond,1239,6833,413,6546,1309227,16.54,200.00,0.75,1.04,,
1440,1997,1203351,4854,ascendant,1101,6453,394,6020,1238261,16.38,205.69,0.81,1.07,,
1441,1994,1180878,4902,diamond,1272,6280,384,6002,1204636,16.35,200.71,0.82,1.05,,
1442,1993,1239244,5123,diamond,1152,7199,395,6286,1387777,18.23,220.77,0.81,1.15,,
1443,1992,1435683,5038,diamond,1251,7461,459,7375,1410667,16.25,191.28,0.68,1.01,,
1444,1992,1256280,3698,diamond,1101,6296,412,6542,1161822,15.28,177.59,0.57,0.96,,
1445,1992,1147435,3501,platinum,973,5717,402,6100,1122042,14.22,183.94,0.57,0.94,,
1446,1991,1392131,4307,diamond,1169,7168,410,6806,1371413,17.48,201.50,0.63,1.05,,
1447,1989,1150679,4596,diamond,1111,6500,375,5864,1219605,17.33,207.98,0.78,1.11,,
1448,1987,1211665,4441,diamond,1203,6296,402,6429,1191640,15.66,185.35,0.69,0.98,,
1449,1987,1119356,3613,diamond,1035,5814,316,5788,1135368,18.40,196.16,0.62,1.00,,
1450,1986,1269711,4156,diamond,1163,6378,376,6354,1223965,16.96,192.63,0.65,1.00,,
1451,1982,1207169,4247,diamond,1092,7007,404,6221,1343847,17.34,216.02,0.68,1.13,,
1452,1982,1146083,4778,diamond,1099,6375,363,5936,1234261,17.56,207.93,0.80,1.07,,
1453,1981,1474363,5567,diamond,1363,8331,471,7682,1575472,17.69,205.09,0.72,1.08,,
1454,1981,1200121,4657,diamond,1320,6196,384,6324,1201593,16.14,190.01,0.74,0.98,,
1455,1978,1269950,4840,diamond,1234,6626,418,6409,1219501,15.85,190.28,0.76,1.03,,
1456,1977,1119420,4057,diamond,1261,5914,350,5753,1142484,16.90,198.59,0.71,1.03,,
1457,1977,1158624,3942,diamond,1226,6398,384,5949,1196008,16.66,201.04,0.66,1.08,,
1458,1972,1167795,3970,diamond,1029,6079,391,5910,1164699,15.55,197.07,0.67,1.03,,
1459,1970,1236247,4308,diamond,1167,6075,403,6422,1170407,15.07,182.25,0.67,0.95,,
1460,1968,1199193,4227,diamond,1233,6487,375,6115,1235589,17.30,202.06,0.69,1.06,,
1461,1964,1268229,4442,diamond,1205,6336,431,6516,1228810,14.70,188.58,0.68,0.97,,
1462,1960,1133319,3842,diamond,1203,6053,384,5929,1162957,15.76,196.15,0.65,1.02,,
1463,1959,1382972,4967,diamond,1402,7558,440,7083,1453813,17.18,205.25,0.70,1.07,,
1464,1955,1476222,5723,diamond,1248,8261,496,7705,1522893,16.66,197.65,0.74,1.07,,
1465,1948,1133552,3717,diamond,1150,5887,388,6057,1126626,15.17,186.00,0.61,0.97,,
1466,1948,1244268,4251,diamond,1314,6147,382,6485,1171910,16.09,180.71,0.66,0.95,,
1467,1943,1104949,4518,ascendant,1020,6586,387,5570,1211968,17.02,217.59,0.81,1.18,,
1468,1942,1159108,4008,diamond,1191,5626,387,6047,1087387,14.54,179.82,0.66,0.93,,
1469,1941,1132917,3952,diamond,1072,6152,364,5669,1183682,16.90,208.80,0.70,1.09,,
1470,1941,1155517,4309,diamond,1133,5849,376,6069,1103617,15.56,181.84,0.71,0.96,,
1471,1935,1264264,4080,diamond,1383,6269,407,6543,1179040,15.40,180.20,0.62,0.96,,
1472,1934,1125280,3973,ascendant,1259,5890,371,6002,1116852,15.88,186.08,0.66,0.98,,
1473,1926,1201252,4489,diamond,1161,5812,381,6136,1125672,15.25,183.45,0.73,0.95,,
1474,1924,1181575,3782,diamond,1174,6453,356,6212,1163782,18.13,187.34,0.61,1.04,,
1475,1924,1176153,4207,diamond,1166,5808,407,6370,1110845,14.27,174.39,0.66,0.91,,
1476,1923,1397281,4990,diamond,1178,7664,497,7300,1431400,15.42,196.08,0.68,1.05,,
1477,1921,1109821,4027,diamond,1002,5761,381,5764,1095820,15.12,190.11,0.70,1.00,,
1478,1920,1145080,3915,diamond,1202,5793,381,5924,1105533,15.20,186.62,0.66,0.98,,
1479,1918,1155525,3570,diamond,1215,5522,372,5985,1086355,14.84,181.51,0.60,0.92,,
1480,1915,1244259,3878,diamond,1112,6360,404,6520,1168935,15.74,179.28,0.59,0.98,,
1481,1912,1205365,4789,diamond,1311,6283,363,6142,1156037,17.31,188.22,0.78,1.02,,
1482,1911,1428734,7480,diamond,1297,8722,449,7154,1619717,19.43,226.41,1.05,1.22,,
1483,1910,1103919,3807,platinum,1148,5717,366,5710,1108616,15.62,194.15,0.67,1.00,,
1484,1910,1182276,3923,diamond,1140,5596,365,6036,1093097,15.33,181.10,0.65,0.93,,
1485,1907,1246069,5499,diamond,1242,6853,400,6544,1277365,17.13,195.20,0.84,1.05,,
1486,1906,1239356,4545,diamond,1145,6597,388,6406,1197392,17.00,186.92,0.71,1.03,,
1487,1904,1143567,3827,diamond,1100,6416,375,5947,1194758,17.11,200.90,0.64,1.08,,
1488,1902,1724796,7805,diamond,1738,9390,521,8818,1722210,18.02,195.31,0.89,1.06,,
1489,1893,1207392,5408,diamond,1257,7012,402,6483,1306067,17.44,201.46,0.83,1.08,,
1490,1893,1384359,4635,platinum,1165,7336,430,6711,1404074,17.06,209.22,0.69,1.09,,
1491,1891,1138434,3655,diamond,976,6267,374,5867,1195333,16.76,203.74,0.62,1.07,,
1492,1889,1266979,4343,diamond,1153,7289,445,6720,1323269,16.38,196.92,0.65,1.08,,
1493,1885,1233445,4863,diamond,1100,7232,392,6228,1343352,18.45,215.70,0.78,1.16,,
1494,1885,1256004,3763,diamond,1384,6548,405,6453,1190330,16.17,184.46,0.58,1.01,,
1495,1884,1119291,3751,diamond,1230,6250,380,5887,1216521,16.45,206.65,0.64,1.06,,
1496,1883,1149146,4278,ascendant,1206,5864,370,5974,1118480,15.85,187.22,0.72,0.98,,
1497,1881,1147851,4611,diamond,1191,6431,393,6125,1238949,16.36,202.28,0.75,1.05,,
1498,1878,1101776,3836,diamond,1087,5816,359,5753,1116762,16.20,194.12,0.67,1.01,,
1499,1874,1264310,4471,diamond,1298,6055,411,6427,1125398,14.73,175.10,0.70,0.94,,
1500,1871,1214373,4109,diamond,1255,5953,393,6188,1108816,15.15,179.19,0.66,0.96,,
1501,1866,1111574,3752,diamond,1022,5693,354,5630,1098204,16.08,195.06,0.67,1.01,,
1502,1862,1112576,4558,diamond,1033,6040,355,5506,1114853,17.01,202.48,0.83,1.10,,
1503,1858,1213761,4859,ascendant,1415,6198,389,6191,1162924,15.93,187.84,0.78,1.00,,
1504,1854,1190090,4327,diamond,1118,6517,374,6220,1235863,17.43,198.69,0.70,1.05,,
1505,1854,1382139,5478,diamond,1338,7480,443,7097,1412453,16.88,199.02,0.77,1.05,,
1506,1848,1118845,4230,diamond,1172,5735,347,5841,1111119,16.53,190.23,0.72,0.98,,
1507,1848,1261691,4702,diamond,1279,6107,379,6502,1185998,16.11,182.41,0.72,0.94,,
1508,1847,1133687,3847,diamond,1147,6392,369,6009,1177091,17.32,195.89,0.64,1.06,,
1509,1846,1454223,5477,diamond,1281,7969,461,7479,1508351,17.29,201.68,0.73,1.07,,
1510,1845,1284746,4572,diamond,1389,6312,411,6771,1230749,15.36,181.77,0.68,0.93,,
1511,1838,1145083,5300,diamond,1153,7032,391,5894,1331592,17.98,225.92,0.90,1.19,,
1512,1838,1134669,4509,diamond,1104,6687,363,5654,1251075,18.42,221.27,0.80,1.18,,
1513,1835,1153637,4491,ascendant,1148,6242,353,5645,1165412,17.68,206.45,0.80,1.11,,
1514,1828,1116157,4445,diamond,1108,6338,365,5957,1207371,17.36,202.68,0.75,1.06,,
1515,1828,1137659,4967,diamond,1091,6243,356,5953,1158943,17.54,194.68,0.83,1.05,,
1516,1826,1249332,3846,diamond,1299,6574,380,6366,1227591,17.30,192.84,0.60,1.03,,
1517,1821,1397882,5293,diamond,1246,7685,445,7364,1452582,17.27,197.25,0.72,1.04,,
1518,1816,1169619,5068,diamond,1221,6621,370,6028,1273315,17.89,211.23,0.84,1.10,,
1519,1810,1132457,3938,diamond,1141,5847,379,5950,1104521,15.43,185.63,0.66,0.98,,
1520,1809,1282280,4923,diamond,1332,6809,431,6616,1309866,15.80,197.98,0.74,1.03,,
1521,1807,1182954,4453,diamond,1306,6045,369,6134,1127510,16.38,183.81,0.73,0.99,,
1522,1805,1359830,5580,diamond,1219,6906,397,6802,1291921,17.40,189.93,0.82,1.02,,
1523,1804,1357097,5410,diamond,1250,7079,430,7034,1374832,16.46,195.46,0.77,1.01,,
1524,1803,1228981,4186,diamond,1207,6737,384,6131,1229950,17.54,200.61,0.68,1.10,,
1525,1794,1147180,4357,platinum,1142,5943,371,5701,1113825,16.02,195.37,0.76,1.04,,
1526,1791,1160269,4023,diamond,1255,6284,377,5979,1162096,16.67,194.36,0.67,1.05,,
1527,1790,1174120,3995,diamond,1263,6286,405,6246,1159655,15.52,185.66,0.64,1.01,,
1528,1788,1209885,4612,diamond,1198,6085,404,6478,1138637,15.06,175.77,0.71,0.94,,
1529,1785,1113492,3866,diamond,1048,6016,342,5641,1102262,17.59,195.40,0.69,1.07,,
1530,1784,1487589,5354,diamond,1695,6873,470,7997,1319121,14.62,164.95,0.67,0.86,,
1531,1782,1189389,4261,diamond,1175,5997,371,6207,1120989,16.16,180.60,0.69,0.97,,
1532,1780,1175280,5002,diamond,1303,6480,386,6189,1213454,16.79,196.07,0.81,1.05,,
1533,1772,1140732,4071,diamond,1233,5939,365,5990,1113864,16.27,185.95,0.68,0.99,,
1534,1770,1198171,4344,diamond,1294,5969,369,6056,1138856,16.18,188.05,0.72,0.99,,
1535,1769,1174350,4227,ascendant,1159,5805,353,5772,1074948,16.44,186.23,0.73,1.01,,
1536,1761,1218803,5190,diamond,1274,6549,368,6416,1244225,17.80,193.93,0.81,1.02,,
1537,1756,1174755,5018,diamond,1201,6373,387,6070,1208629,16.47,199.12,0.83,1.05,,
1538,1755,1172845,3667,diamond,1101,6026,372,5831,1148206,16.20,196.91,0.63,1.03,,
1539,1748,1264258,4774,diamond,1182,6678,395,6550,1280386,16.91,195.48,0.73,1.02,,
1540,1746,1224739,5245,diamond,1158,7049,398,6490,1325690,17.71,204.27,0.81,1.09,,
1541,1741,1156015,4583,diamond,1237,6353,379,5966,1174725,16.76,196.90,0.77,1.06,,
1542,1735,1104476,4469,diamond,874,6748,362,5571,1270495,18.64,228.06,0.80,1.21,,
1543,1735,1204384,6233,diamond,1181,8048,379,6217,1501446,21.23,241.51,1.00,1.29,,
1544,1734,1117513,3541,diamond,1211,5609,368,5902,1090103,15.24,184.70,0.60,0.95,,
1545,1721,1212194,5061,diamond,1102,6676,379,5990,1223079,17.61,204.19,0.84,1.11,,
1546,1721,1129506,3786,diamond,1049,6334,383,6004,1187393,16.54,197.77,0.63,1.05,,
1547,1717,1187318,4238,diamond,1081,6601,397,5957,1236978,16.63,207.65,0.71,1.11,,
1548,1716,1171059,4120,diamond,1178,5988,380,6099,1132106,15.76,185.62,0.68,0.98,,
1549,1716,1137209,4075,diamond,1120,6224,380,5907,1143374,16.38,193.56,0.69,1.05,,
1550,1707,1129039,3911,diamond,1217,6691,371,5941,1204690,18.04,202.78,0.66,1.13,,
1551,1706,1174951,4245,diamond,1091,6074,375,6031,1140106,16.20,189.04,0.70,1.01,,
1552,1704,1273938,4037,diamond,1141,6667,426,6669,1251143,15.65,187.61,0.61,1.00,,
1553,1701,1215795,4408,diamond,1144,6030,397,6443,1146592,15.19,177.96,0.68,0.94,,
1554,1701,1116370,3543,diamond,940,6103,375,5713,1116937,16.27,195.51,0.62,1.07,,
1555,1700,1430717,5540,diamond,1150,7075,447,7476,1328975,15.83,177.77,0.74,0.95,,
1556,1700,1247036,4776,ascendant,1403,6427,401,6363,1217952,16.03,191.41,0.75,1.01,,
1557,1698,1220250,4704,diamond,1293,6207,387,6389,1184878,16.04,185.46,0.74,0.97,,
1558,1697,1188844,5391,diamond,1317,6894,401,6153,1302797,17.19,211.73,0.88,1.12,,
1559,1696,1160232,4127,ascendant,1169,5694,362,5940,1063488,15.73,179.04,0.69,0.96,,
1560,1696,1136369,4573,diamond,1070,6231,383,5866,1146244,16.27,195.40,0.78,1.06,,
1561,1686,1168877,5085,diamond,1381,6036,355,6100,1115456,17.00,182.86,0.83,0.99,,
1562,1682,1191394,4794,ascendant,1265,6359,377,6052,1191539,16.87,196.88,0.79,1.05,,
1563,1681,1239374,4202,diamond,1398,6870,399,6346,1171667,17.22,184.63,0.66,1.08,,
1564,1676,1271768,4651,diamond,1282,6348,372,6535,1184651,17.06,181.28,0.71,0.97,,
1565,1676,1176401,4773,diamond,1147,6117,387,6203,1152801,15.81,185.85,0.77,0.99,,
1566,1668,1187654,4499,platinum,1120,6230,375,5782,1177800,16.61,203.70,0.78,1.08,,
1567,1659,1232469,4296,diamond,1145,6573,406,6463,1238744,16.19,191.67,0.66,1.02,,
1568,1651,1122655,4836,diamond,1115,6706,378,5820,1258080,17.74,216.16,0.83,1.15,,
1569,1644,1102202,3851,diamond,1053,5773,350,5741,1114143,16.49,194.07,0.67,1.01,,
1570,1641,1246762,3600,diamond,1107,6644,388,6478,1209046,17.12,186.64,0.56,1.03,,
1571,1638,1277630,5584,diamond,1197,7569,400,6711,1404752,18.92,209.32,0.83,1.13,,
1572,1631,1253880,4818,diamond,1279,7276,406,6589,1351428,17.92,205.10,0.73,1.10,,
1573,1628,1128557,4530,diamond,1163,6092,376,5885,1164408,16.20,197.86,0.77,1.04,,
1574,1623,1170676,4802,diamond,1054,6721,365,6087,1257221,18.41,206.54,0.79,1.10,,
1575,1623,1263634,3962,diamond,1033,7339,422,6497,1334516,17.39,205.40,0.61,1.13,,
1576,1622,1259805,6429,diamond,1286,8124,398,6356,1539861,20.41,242.27,1.01,1.28,,
1577,1607,1114769,4248,diamond,1196,5966,366,5825,1114851,16.30,191.39,0.73,1.02,,
1578,5285,2708165,8900,ascendant,2982,12884,848,14099,2432771,15.19,172.55,0.63,0.91,,
1579,4356,2517491,9061,ascendant,2660,11365,746,13166,2144977,15.23,162.92,0.69,0.86,,
1580,4287,2499126,10262,ascendant,2926,12927,772,12883,2414241,16.74,187.40,0.80,1.00,,
1581,4106,1793060,5444,ascendant,2117,9521,603,9535,1839088,15.79,192.88,0.57,1.00,,
1582,3940,2027801,6820,ascendant,2426,10323,660,10626,1955602,15.64,184.04,0.64,0.97,,
1583,3918,1456267,4770,ascendant,1504,7808,518,7595,1497915,15.07,197.22,0.63,1.03,,
1584,3847,1693242,5331,ascendant,1874,8073,556,8917,1561353,14.52,175.10,0.60,0.91,,
1585,3715,2054965,7762,ascendant,2061,10589,657,10930,2037792,16.12,186.44,0.71,0.97,,
1586,3702,1524181,4315,ascendant,1762,8211,532,8112,1510562,15.43,186.21,0.53,1.01,,
1587,3637,1869330,4959,ascendant,2061,7755,567,9635,1472330,13.68,152.81,0.51,0.80,,
1588,3607,1383228,4789,ascendant,1448,6663,492,7217,1288199,13.54,178.50,0.66,0.92,,
1589,3579,1762857,4439,ascendant,2166,7494,551,9085,1511943,13.60,166.42,0.49,0.82,,
1590,3544,1719987,4877,ascendant,1840,8915,538,8928,1684134,16.57,188.64,0.55,1.00,,
1591,3539,1777606,6136,ascendant,1989,8551,586,9508,1681828,14.59,176.89,0.65,0.90,,
1592,3515,1830918,5167,ascendant,2053,8016,590,9599,1534318,13.59,159.84,0.54,0.84,,
1593,3459,2079000,6841,ascendant,2229,9974,690,11021,1980328,14.46,179.69,0.62,0.90,,
1594,3456,2355412,8826,ascendant,2381,11916,706,12314,2259095,16.88,183.46,0.72,0.97,,
1595,3450,1676651,6698,ascendant,1912,9733,532,8592,1815009,18.30,211.24,0.78,1.13,,
1596,3437,1804013,5674,diamond,1677,9435,623,9372,1785049,15.14,190.47,0.61,1.01,,
1597,3430,1815792,5344,ascendant,2148,8533,546,9312,1567685,15.63,168.35,0.57,0.92,,
1598,3417,1827743,5497,ascendant,1843,8848,612,9306,1762835,14.46,189.43,0.59,0.95,,
1599,3386,1656965,5150,ascendant,1741,8085,551,8544,1560217,14.67,182.61,0.60,0.95,,
1600,3382,1182809,3837,ascendant,1189,6330,410,6133,1311097,15.44,213.78,0.63,1.03,,
1601,3343,1650215,5495,ascendant,1627,8516,525,8348,1630594,16.22,195.33,0.66,1.02,,
1602,3341,1390125,5686,ascendant,1515,7397,472,7420,1365987,15.67,184.10,0.77,1.00,,
1603,3333,1479413,4764,ascendant,1490,7278,461,7865,1428404,15.79,181.62,0.61,0.93,,
1604,3326,2321577,9972,ascendant,2166,13211,769,12350,2455746,17.18,198.85,0.81,1.07,,
1605,3312,1539839,4637,ascendant,1499,7696,534,8177,1418989,14.41,173.53,0.57,0.94,,
1606,3310,1851670,6515,ascendant,1860,9259,623,9613,1801299,14.86,187.38,0.68,0.96,,
1607,3308,1719049,6456,ascendant,1819,9581,556,8659,1810591,17.23,209.10,0.75,1.11,,
1608,3273,1850569,7521,ascendant,2214,9106,592,9727,1743139,15.38,179.21,0.77,0.94,,
1609,3258,1490122,6132,ascendant,1475,8458,489,7622,1616151,17.30,212.04,0.80,1.11,,
1610,3252,1874108,6237,ascendant,2153,8882,591,9806,1709192,15.03,174.30,0.64,0.91,,
1611,3248,2001626,7822,ascendant,2226,10802,614,10400,2021832,17.59,194.41,0.75,1.04,,
1612,3243,2207054,7756,ascendant,2579,11277,666,11499,2124136,16.93,184.72,0.67,0.98,,
1613,3232,1965018,7099,ascendant,2194,10249,618,10355,1934980,16.58,186.86,0.69,0.99,,
1614,3227,1570592,5651,ascendant,2028,7964,511,8343,1514784,15.59,181.56,0.68,0.95,,
1615,3222,1970847,7243,ascendant,2175,10135,660,10335,1942485,15.36,187.95,0.70,0.98,,
1616,3201,1276652,3793,ascendant,1291,6641,433,6807,1182554,15.34,173.73,0.56,0.98,,
1617,3200,1781210,6010,ascendant,1813,8786,553,9031,1687492,15.89,186.86,0.67,0.97,,
1618,3181,1906087,6992,ascendant,2113,10046,585,10081,1938656,17.17,192.31,0.69,1.00,,
1619,3170,1897225,7464,ascendant,1903,9760,640,9779,1869588,15.25,191.18,0.76,1.00,,
1620,3164,1628931,5602,ascendant,1815,7972,496,8442,1510142,16.07,178.88,0.66,0.94,,
1621,3145,2261937,7914,immortal,2742,12439,683,11521,2351128,18.21,204.07,0.69,1.08,,
1622,3145,1717067,6792,ascendant,2040,9356,563,8924,1812379,16.62,203.09,0.76,1.05,,
1623,3145,1509926,4592,ascendant,1530,8441,553,8020,1543299,15.26,192.43,0.57,1.05,,
1624,3135,1601569,5817,ascendant,1662,7860,490,8113,1507623,16.04,185.83,0.72,0.97,,
1625,3125,1526219,4215,ascendant,1599,6973,504,7808,1305286,13.84,167.17,0.54,0.89,,
1626,3123,1567194,4837,ascendant,1852,7989,480,8131,1498647,16.64,184.31,0.59,0.98,,
1627,3105,1925209,6012,ascendant,1900,9382,583,9925,1741674,16.09,175.48,0.61,0.95,,
1628,3099,1685391,6019,immortal,1888,8665,541,8817,1653818,16.02,187.57,0.68,0.98,,
1629,3099,1084621,4238,ascendant,1147,5969,390,5681,1129209,15.31,198.77,0.75,1.05,,
1630,3095,1437821,4195,ascendant,1399,7101,494,7514,1428576,14.37,190.12,0.56,0.95,,
1631,3090,1727131,6353,ascendant,1780,9363,549,8802,1760683,17.05,200.03,0.72,1.06,,
1632,3074,1775319,6445,ascendant,1828,9536,566,9248,1834756,16.85,198.39,0.70,1.03,,
1633,3071,1446246,3750,ascendant,1688,6868,432,7671,1309183,15.90,170.67,0.49,0.90,,
1634,3065,1802549,7620,ascendant,2166,9436,540,9378,1777741,17.47,189.57,0.81,1.01,,
1635,3052,1913055,6526,ascendant,1888,8804,577,9304,1764058,15.26,189.60,0.70,0.95,,
1636,3021,1456851,5843,ascendant,1652,7556,466,7442,1424026,16.21,191.35,0.79,1.02,,
1637,3018,1653011,4666,ascendant,2029,8465,539,8713,1629733,15.71,187.05,0.54,0.97,,
1638,3004,1434327,5358,ascendant,1402,7510,457,7413,1418846,16.43,191.40,0.72,1.01,,
1639,3004,1475690,4878,ascendant,1583,7485,470,7543,1430133,15.93,189.60,0.65,0.99,,
1640,2991,1528776,5479,ascendant,1537,8248,519,8049,1547751,15.89,192.29,0.68,1.02,,
1641,2990,1974410,6759,ascendant,2011,11124,672,10462,2067529,16.55,197.62,0.65,1.06,,
1642,2988,1356431,4481,ascendant,1496,6613,428,6845,1261042,15.45,184.23,0.65,0.97,,
1643,2987,1932850,4736,ascendant,2290,8724,591,9838,1592674,14.76,161.89,0.48,0.89,,
1644,2972,1503595,5106,ascendant,1485,7027,504,7714,1309414,13.94,169.75,0.66,0.91,,
1645,2970,1755154,5968,ascendant,2058,9241,559,8999,1691301,16.53,187.94,0.66,1.03,,
1646,2969,1578047,6193,ascendant,1680,8653,510,8347,1656048,16.97,198.40,0.74,1.04,,
1647,2953,1758410,6924,ascendant,1844,9808,622,9189,1815081,15.77,197.53,0.75,1.07,,
1648,2949,1312871,4501,diamond,1230,6695,451,6827,1263392,14.84,185.06,0.66,0.98,,
1649,2947,1605951,6641,ascendant,1802,8502,534,8377,1614673,15.92,192.75,0.79,1.01,,
1650,2935,1730466,4676,ascendant,1680,8242,537,8675,1564970,15.35,180.40,0.54,0.95,,
1651,2924,1446361,5418,ascendant,1476,7407,461,7600,1382582,16.07,181.92,0.71,0.97,,
1652,2917,1341171,4462,ascendant,1371,7262,457,6908,1421036,15.89,205.71,0.65,1.05,,
1653,2916,1196105,4516,ascendant,1309,5671,360,6205,1079175,15.75,173.92,0.73,0.91,,
1654,2907,1366174,5391,immortal,1557,7056,433,7008,1322063,16.30,188.65,0.77,1.01,,
1655,2894,1488225,4736,ascendant,1264,7315,471,7596,1399216,15.53,184.20,0.62,0.96,,
1656,2885,1777228,6214,ascendant,1851,9516,562,9289,1775929,16.93,191.19,0.67,1.02,,
1657,2882,1628187,6157,ascendant,1713,7994,492,8236,1530952,16.25,185.89,0.75,0.97,,
1658,2864,1612416,5538,diamond,1674,7808,511,8217,1466231,15.28,178.44,0.67,0.95,,
1659,2862,1389778,5007,ascendant,1393,7462,432,7318,1473855,17.27,201.40,0.68,1.02,,
1660,2860,1242335,4045,immortal,1384,6518,432,6504,1202928,15.09,184.95,0.62,1.00,,
1661,2860,1788483,6295,ascendant,1984,8814,550,9331,1693057,16.03,181.44,0.67,0.94,,
1662,2845,1718151,4674,ascendant,1737,8184,491,8386,1582341,16.67,188.69,0.56,0.98,,
1663,2838,1332435,3707,ascendant,1365,6201,419,6802,1192240,14.80,175.28,0.54,0.91,,
1664,2835,1464715,4685,diamond,1397,7137,487,7822,1372669,14.66,175.49,0.60,0.91,,
1665,2831,1241973,3823,ascendant,1366,6202,391,6384,1191440,15.86,186.63,0.60,0.97,,
1666,2826,1701069,6139,ascendant,1746,9158,553,8707,1691884,16.56,194.31,0.71,1.05,,
1667,2821,1261197,4186,immortal,1180,6763,411,6266,1359961,16.45,217.04,0.67,1.08,,
1668,2821,1462884,5727,ascendant,1602,8082,493,7566,1527478,16.39,201.89,0.76,1.07,,
1669,2813,1341918,4767,ascendant,1278,6813,436,6994,1330062,15.63,190.17,0.68,0.97,,
1670,2810,1822307,6570,ascendant,1967,8834,550,9444,1675443,16.06,177.41,0.70,0.94,,
1671,2808,1535517,5295,ascendant,1665,8352,499,8047,1597895,16.74,198.57,0.66,1.04,,
1672,2804,1594787,6286,ascendant,1774,7844,478,8283,1461515,16.41,176.45,0.76,0.95,,
1673,2797,1298260,4438,ascendant,1388,6553,417,6746,1265379,15.71,187.57,0.66,0.97,,
1674,2796,1210776,3791,ascendant,1196,6169,388,6197,1179298,15.90,190.30,0.61,1.00,,
1675,2791,1243141,4195,ascendant,1342,6475,419,6357,1243292,15.45,195.58,0.66,1.02,,
1676,2789,1333122,4944,ascendant,1343,7419,443,6830,1382046,16.75,202.35,0.72,1.09,,
1677,2789,1219796,4541,ascendant,1437,6418,377,6283,1232077,17.02,196.10,0.72,1.02,,
1678,2787,1567118,5101,ascendant,1708,7826,472,7971,1420939,16.58,178.26,0.64,0.98,,
1679,2780,1619043,5918,ascendant,1768,8285,509,8382,1591874,16.28,189.92,0.71,0.99,,
1680,2779,1190282,3812,immortal,1165,6967,385,6164,1309974,18.10,212.52,0.62,1.13,,
1681,2774,1559143,5232,ascendant,1597,8191,536,8176,1610838,15.28,197.02,0.64,1.00,,
1682,2765,1229263,3996,ascendant,1352,6851,386,6226,1298282,17.75,208.53,0.64,1.10,,
1683,2765,1595154,5629,ascendant,1607,8433,534,8492,1580925,15.79,186.17,0.66,0.99,,
1684,2761,1439255,5830,ascendant,1737,7526,447,7284,1419627,16.84,194.90,0.80,1.03,,
1685,2760,1470209,4611,ascendant,1534,7351,472,7617,1395447,15.57,183.20,0.61,0.97,,
1686,2754,1644092,4982,ascendant,1669,8373,524,8624,1611365,15.98,186.85,0.58,0.97,,
1687,2746,1533167,5302,ascendant,1352,8645,549,8101,1633104,15.75,201.59,0.65,1.07,,
1688,2743,1348415,4645,ascendant,1450,7218,433,7024,1380755,16.67,196.58,0.66,1.03,,
1689,2740,1377622,4228,ascendant,1748,6425,468,7341,1219217,13.73,166.08,0.58,0.88,,
1690,2737,1936469,6148,ascendant,2047,9118,615,10008,1732576,14.83,173.12,0.61,0.91,,
1691,2733,1370595,4738,ascendant,1508,7850,495,7682,1460972,15.86,190.18,0.62,1.02,,
1692,2719,1230987,3101,immortal,1462,5734,376,6172,1072692,15.25,173.80,0.50,0.93,,
1693,2717,1523043,5332,ascendant,1491,8137,499,7935,1544991,16.31,194.71,0.67,1.03,,
1694,2716,1519036,5969,ascendant,1725,7796,509,8099,1454375,15.32,179.57,0.74,0.96,,
1695,2712,1526862,5073,ascendant,1423,8417,532,8038,1581682,15.82,196.78,0.63,1.05,,
1696,2712,1510201,5494,ascendant,1657,7080,469,7746,1366769,15.10,176.45,0.71,0.91,,
1697,2709,1335706,4306,ascendant,1277,6635,466,6821,1281614,14.24,187.89,0.63,0.97,,
1698,2709,1405524,4272,ascendant,1359,6429,441,7340,1237376,14.58,168.58,0.58,0.88,,
1699,2708,1212407,3654,ascendant,1375,6034,388,6345,1162800,15.55,183.26,0.58,0.95,,
1700,2704,1688120,5777,ascendant,1867,8699,547,8905,1644083,15.90,184.62,0.65,0.98,,
1701,2704,1648357,6082,ascendant,1716,8981,529,8564,1747545,16.98,204.06,0.71,1.05,,
1702,2695,1210100,3899,ascendant,1199,5814,412,6309,1090854,14.11,172.90,0.62,0.92,,
1703,2686,1478895,5781,ascendant,1545,8190,482,7640,1570665,16.99,205.58,0.76,1.07,,
1704,2685,1338070,4581,immortal,1516,7073,405,6953,1346180,17.46,193.61,0.66,1.02,,
1705,2684,1167283,3706,ascendant,1102,6230,394,6135,1172329,15.81,191.09,0.60,1.02,,
1706,2681,1437695,4684,ascendant,1604,7153,470,7626,1372577,15.22,179.99,0.61,0.94,,
1707,2679,1337144,3777,ascendant,1417,6588,429,6929,1274198,15.36,183.89,0.55,0.95,,
1708,2679,1508416,4879,ascendant,1437,7480,486,7703,1446784,15.39,187.82,0.63,0.97,,
1709,2678,1546520,5111,ascendant,1765,7214,479,8106,1350236,15.06,166.57,0.63,0.89,,
1710,2665,2229782,8302,ascendant,2042,11658,706,11302,2124228,16.51,187.95,0.73,1.03,,
1711,2654,1482269,5668,ascendant,1324,7747,482,7651,1455594,16.07,190.25,0.74,1.01,,
1712,2652,1422215,4567,ascendant,1561,7295,441,7369,1394805,16.54,189.28,0.62,0.99,,
1713,2641,1871820,7633,ascendant,1965,10087,568,9858,1850023,17.76,187.67,0.77,1.02,,
1714,2638,1323792,4613,ascendant,1099,7008,465,6852,1300089,15.07,189.74,0.67,1.02,,
1715,2636,1715910,7612,ascendant,1704,9978,535,8789,1816029,18.65,206.63,0.87,1.14,,
1716,2632,1410887,4791,ascendant,1562,8039,431,7303,1513477,18.65,207.24,0.66,1.10,,
1717,2628,1459730,4495,ascendant,1489,7073,500,7662,1374718,14.15,179.42,0.59,0.92,,
1718,2622,1301428,5009,ascendant,1206,7228,473,6841,1328080,15.28,194.14,0.73,1.06,,
1719,2620,1387897,5334,ascendant,1560,6847,447,7336,1332213,15.32,181.60,0.73,0.93,,
1720,2612,1229693,4703,ascendant,1382,6635,392,6217,1240924,16.93,199.60,0.76,1.07,,
1721,2609,1860527,6757,ascendant,1983,10213,567,9533,1925017,18.01,201.93,0.71,1.07,,
1722,2608,1171379,4104,ascendant,1146,6602,392,6188,1291347,16.84,208.69,0.66,1.07,,
1723,2604,1446110,5290,ascendant,1733,7218,460,7609,1351419,15.69,177.61,0.70,0.95,,
1724,2602,1317523,4986,ascendant,1423,6607,447,6879,1251686,14.78,181.96,0.72,0.96,,
1725,2601,1664708,5790,ascendant,1956,8629,526,8824,1616530,16.40,183.20,0.66,0.98,,
1726,2601,1434238,5640,ascendant,1528,7533,438,7390,1431111,17.20,193.66,0.76,1.02,,
1727,2591,1357323,4474,ascendant,1266,6776,465,7040,1337222,14.57,189.95,0.64,0.96,,
1728,2568,1827663,6177,ascendant,2210,9343,544,9512,1732859,17.17,182.18,0.65,0.98,,
1729,2568,1396745,4228,immortal,1596,6762,431,7058,1283342,15.69,181.83,0.60,0.96,,
1730,2563,1543300,5522,ascendant,1719,7436,488,7953,1459686,15.24,183.54,0.69,0.93,,
1731,2558,1345697,5176,ascendant,1364,6965,444,6941,1309732,15.69,188.70,0.75,1.00,,
1732,2549,1221775,4035,ascendant,1352,5727,406,6263,1086543,14.11,173.49,0.64,0.91,,
1733,2546,1286280,4363,ascendant,1242,5956,447,6924,1176979,13.32,169.99,0.63,0.86,,
1734,2539,1288507,4842,ascendant,1364,7115,456,6769,1332791,15.60,196.90,0.72,1.05,,
1735,2534,1188733,3673,ascendant,1148,6225,412,6307,1178654,15.11,186.88,0.58,0.99,,
1736,2523,1375792,4635,ascendant,1332,6873,441,7184,1338578,15.59,186.33,0.65,0.96,,
1737,2521,1196043,3913,ascendant,923,6411,440,6403,1213921,14.57,189.59,0.61,1.00,,
1738,2521,1216719,3641,immortal,1377,6468,422,6397,1234566,15.33,192.99,0.57,1.01,,
1739,2516,1671443,5681,ascendant,1871,8318,517,8757,1563078,16.09,178.49,0.65,0.95,,
1740,2516,1770989,6450,ascendant,1716,9785,594,9294,1836639,16.47,197.62,0.69,1.05,,
1741,2512,1354529,3900,ascendant,1567,6226,446,7078,1193875,13.96,168.67,0.55,0.88,,
1742,2509,1176088,4068,ascendant,1127,5591,441,6261,1061134,12.68,169.48,0.65,0.89,,
1743,2506,1707363,6917,ascendant,1710,10069,570,8831,1925188,17.66,218.00,0.78,1.14,,
1744,2498,1388285,4930,ascendant,1558,7070,426,7253,1292751,16.60,178.24,0.68,0.97,,
1745,2498,1403133,4355,ascendant,1666,6800,445,7503,1332421,15.28,177.59,0.58,0.91,,
1746,2498,1368992,5120,ascendant,1423,7134,458,7277,1353229,15.58,185.96,0.70,0.98,,
1747,2495,1318853,4610,ascendant,1058,7436,478,6927,1392126,15.56,200.97,0.67,1.07,,
1748,2493,1610440,3935,ascendant,1513,7556,502,8066,1435773,15.05,178.00,0.49,0.94,,
1749,2488,1128088,4349,ascendant,924,6512,413,6028,1207406,15.77,200.30,0.72,1.08,,
1750,2487,1432624,5795,ascendant,1585,7209,469,7382,1360415,15.37,184.29,0.79,0.98,,
1751,2486,1190925,3683,ascendant,1109,6271,411,6032,1203726,15.26,199.56,0.61,1.04,,
1752,2476,1287869,4686,ascendant,1397,6985,420,6793,1361722,16.63,200.46,0.69,1.03,,
1753,2474,1720005,4464,diamond,1791,9069,552,8919,1735650,16.43,194.60,0.50,1.02,,
1754,2471,1124060,3702,ascendant,1093,5860,382,5732,1099823,15.34,191.87,0.65,1.02,,
1755,2466,1222191,4789,ascendant,1327,6939,410,6189,1357191,16.92,219.29,0.77,1.12,,
1756,2465,1269054,5876,ascendant,1258,7710,403,6857,1414498,19.13,206.29,0.86,1.12,,
1757,2459,1955960,7986,ascendant,2035,10715,585,10180,2040216,18.32,200.41,0.78,1.05,,
1758,2458,1388770,4407,ascendant,1572,6923,449,7102,1326391,15.42,186.76,0.62,0.97,,
1759,2457,1691323,7226,ascendant,2055,8758,546,8979,1636924,16.04,182.31,0.80,0.98,,
1760,2452,1398044,5446,ascendant,1314,7301,416,7349,1396106,17.55,189.97,0.74,0.99,,
1761,2447,1206486,4271,ascendant,1154,6235,459,6344,1196074,13.58,188.54,0.67,0.98,,
1762,2445,1437967,4329,ascendant,1347,6962,438,7073,1343119,15.89,189.89,0.61,0.98,,
1763,2444,1362675,4271,ascendant,1378,7180,461,7063,1360581,15.57,192.63,0.60,1.02,,
1764,2440,1223864,4313,ascendant,1305,6808,396,6302,1226746,17.19,194.66,0.68,1.08,,
1765,2431,1525217,5620,ascendant,1502,8043,504,7649,1502124,15.96,196.38,0.73,1.05,,
1766,2429,1337219,4801,diamond,1342,6174,436,6895,1176691,14.16,170.66,0.70,0.90,,
1767,2424,1145530,4478,ascendant,1465,6089,381,5948,1132168,15.98,190.34,0.75,1.02,,
1768,2416,1678589,6498,ascendant,1574,9246,526,9031,1757515,17.58,194.61,0.72,1.02,,
1769,2415,1602784,5491,ascendant,1416,8065,536,8363,1514691,15.05,181.12,0.66,0.96,,
1770,2413,1400349,5784,ascendant,1738,7497,435,7249,1394579,17.23,192.38,0.80,1.03,,
1771,2410,1462367,5119,ascendant,1736,6969,457,7788,1326491,15.25,170.32,0.66,0.89,,
1772,2408,1191674,3845,ascendant,1241,6037,405,6335,1140692,14.91,180.06,0.61,0.95,,
1773,2404,1439551,4963,ascendant,1727,7159,465,7565,1368982,15.40,180.96,0.66,0.95,,
1774,2403,1313856,4326,ascendant,1446,6482,426,6765,1215852,15.22,179.73,0.64,0.96,,
1775,2401,1296891,3348,immortal,1318,5764,417,6623,1104801,13.82,166.81,0.51,0.87,,
1776,2401,1348791,5264,ascendant,1492,7144,445,7000,1333372,16.05,190.48,0.75,1.02,,
1777,2401,1368636,4153,ascendant,1321,6488,431,7060,1252369,15.05,177.39,0.59,0.92,,
1778,2396,1693518,6063,ascendant,1946,8045,523,8917,1553959,15.38,174.27,0.68,0.90,,
1779,2392,1337087,4311,ascendant,1675,7104,446,7001,1367571,15.93,195.34,0.62,1.01,,
1780,2382,1144245,4752,ascendant,1106,6283,368,5791,1164106,17.07,201.02,0.82,1.08,,
1781,2375,1494821,5300,ascendant,1655,7543,483,7868,1413184,15.62,179.61,0.67,0.96,,
1782,2371,1485423,6008,ascendant,1591,8335,450,7701,1552485,18.52,201.60,0.78,1.08,,
1783,2366,1076123,3649,ascendant,1055,5854,398,5747,1106676,14.71,192.57,0.63,1.02,,
1784,2344,1535613,6054,ascendant,1616,7848,488,8172,1473728,16.08,180.34,0.74,0.96,,
1785,2343,1541212,6291,ascendant,1780,8945,518,7838,1663500,17.27,212.24,0.80,1.14,,
1786,2343,1376871,5513,ascendant,1481,7727,457,7106,1474204,16.91,207.46,0.78,1.09,,
1787,2343,1357256,5542,ascendant,1406,7498,440,6931,1446362,17.04,208.68,0.80,1.08,,
1788,2342,1537425,5841,diamond,1743,7524,507,8185,1421364,14.84,173.65,0.71,0.92,,
1789,2342,1186896,5901,ascendant,1154,7885,425,6298,1486619,18.55,236.05,0.94,1.25,,
1790,2342,1385484,6582,ascendant,1429,8267,476,7317,1530706,17.37,209.20,0.90,1.13,,
1791,2337,1191538,4632,ascendant,1408,6283,355,6249,1218705,17.70,195.02,0.74,1.01,,
1792,2334,1425692,4896,ascendant,1633,6863,442,7571,1357532,15.53,179.31,0.65,0.91,,
1793,2331,1132240,3940,ascendant,1265,5833,353,5863,1123625,16.52,191.65,0.67,0.99,,
1794,2329,1459774,5261,ascendant,1584,7742,450,7541,1489053,17.20,197.46,0.70,1.03,,
1795,2329,1178775,4088,ascendant,1067,6496,423,6195,1235403,15.36,199.42,0.66,1.05,,
1796,2323,1185388,4438,ascendant,1181,6051,391,6199,1162996,15.48,187.61,0.72,0.98,,
1797,2321,1130760,3838,ascendant,1161,5753,377,5847,1080546,15.26,184.80,0.66,0.98,,
1798,2320,1691455,6876,ascendant,1517,9593,517,8810,1825268,18.56,207.18,0.78,1.09,,
1799,2314,1096901,3980,ascendant,1195,5705,366,5615,1071482,15.59,190.82,0.71,1.02,,
1800,2312,1457564,4546,ascendant,1417,7388,453,7459,1382854,16.31,185.39,0.61,0.99,,
1801,2312,1602176,6795,ascendant,1564,8479,506,8257,1622589,16.76,196.51,0.82,1.03,,
1802,2311,1175629,4593,diamond,1130,6617,369,6043,1233188,17.93,204.07,0.76,1.09,,
1803,2308,1256192,4077,diamond,1225,6592,405,6427,1227433,16.28,190.98,0.63,1.03,,
1804,2308,1520358,5489,immortal,1609,8019,450,7864,1517727,17.82,193.00,0.70,1.02,,
1805,2307,1188634,5234,ascendant,1325,6315,365,6040,1185572,17.30,196.29,0.87,1.05,,
1806,2306,1205673,4105,ascendant,1280,6581,405,6205,1236291,16.25,199.24,0.66,1.06,,
1807,2305,1188142,4854,ascendant,918,7539,404,6212,1416761,18.66,228.07,0.78,1.21,,
1808,2302,1284847,3701,diamond,1240,5802,392,6497,1140714,14.80,175.58,0.57,0.89,,
1809,2301,1182610,4226,ascendant,1284,5779,404,6151,1090120,14.30,177.23,0.69,0.94,,
1810,2297,1173478,4030,ascendant,1236,6312,389,6128,1229362,16.23,200.61,0.66,1.03,,
1811,2295,1114276,4058,ascendant,1192,5630,374,5794,1063358,15.05,183.53,0.70,0.97,,
1812,2294,1381453,5488,ascendant,1477,7658,450,7207,1428454,17.02,198.20,0.76,1.06,,
1813,2291,1177418,3758,ascendant,1141,5777,373,6015,1122270,15.49,186.58,0.62,0.96,,
1814,2285,1094108,4127,ascendant,1202,5833,360,5676,1100493,16.20,193.89,0.73,1.03,,
1815,2284,1911300,7838,ascendant,1943,10122,606,10070,1919642,16.70,190.63,0.78,1.01,,
1816,2283,1435312,5147,ascendant,1526,7328,472,7750,1365441,15.53,176.19,0.66,0.95,,
1817,2283,1402601,5024,ascendant,1534,7232,450,7279,1323081,16.07,181.77,0.69,0.99,,
1818,2279,1138085,4504,ascendant,1213,5797,384,5981,1117855,15.10,186.90,0.75,0.97,,
1819,2277,1142607,3877,ascendant,1328,5704,364,6036,1094460,15.67,181.32,0.64,0.94,,
1820,2274,1113493,3876,ascendant,1184,5642,383,5874,1099945,14.73,187.26,0.66,0.96,,
1821,2274,1519861,5922,immortal,1738,7679,503,7891,1453786,15.27,184.23,0.75,0.97,,
1822,2267,1521470,6377,ascendant,1714,7824,455,8191,1430660,17.20,174.66,0.78,0.96,,
1823,2262,1371106,5097,diamond,1303,7121,432,6912,1360418,16.48,196.82,0.74,1.03,,
1824,2260,1154099,4843,ascendant,1115,6004,366,5899,1125099,16.40,190.73,0.82,1.02,,
1825,2257,1458987,4629,ascendant,1557,7077,425,7245,1334699,16.65,184.22,0.64,0.98,,
1826,2249,1090737,3834,ascendant,1178,5899,381,5835,1149447,15.48,196.99,0.66,1.01,,
1827,2246,1226938,5311,ascendant,1483,6427,394,6249,1181345,16.31,189.05,0.85,1.03,,
1828,2245,1205899,3900,ascendant,1275,5607,379,6248,1072193,14.79,171.61,0.62,0.90,,
1829,2242,1135944,3634,ascendant,1144,5530,373,6051,1060829,14.83,175.31,0.60,0.91,,
1830,2238,1181220,3786,ascendant,1294,5566,378,5928,1065190,14.72,179.69,0.64,0.94,,
1831,2236,1103994,4157,ascendant,1150,5995,385,5848,1148028,15.57,196.31,0.71,1.03,,
1832,2236,1572525,6986,ascendant,1836,8795,500,8262,1658871,17.59,200.78,0.85,1.06,,
1833,2233,1143551,4484,ascendant,955,6359,414,6084,1214948,15.36,199.70,0.74,1.05,,
1834,2232,1354526,5436,ascendant,1488,8259,444,7178,1516792,18.60,211.31,0.76,1.15,,
1835,2225,1206945,4151,immortal,1337,6028,349,6000,1154220,17.27,192.37,0.69,1.00,,
1836,2221,1191572,4236,ascendant,1178,6184,394,5999,1241350,15.70,206.93,0.71,1.03,,
1837,2214,1202757,3984,immortal,1268,5917,389,6102,1115418,15.21,182.80,0.65,0.97,,
1838,2211,1382314,5762,ascendant,1435,7570,426,7062,1457924,17.77,206.45,0.82,1.07,,
1839,2211,1459557,4255,ascendant,1374,7582,459,7265,1397236,16.52,192.32,0.59,1.04,,
1840,2210,1306928,4683,ascendant,1321,6319,418,6847,1188573,15.12,173.59,0.68,0.92,,
1841,2209,1502603,5928,ascendant,1658,7496,469,7745,1409669,15.98,182.01,0.77,0.97,,
1842,2207,1190622,4357,ascendant,1306,6231,426,6085,1199088,14.63,197.06,0.72,1.02,,
1843,2205,1201057,4908,ascendant,1242,6493,386,6105,1228800,16.82,201.28,0.80,1.06,,
1844,2202,1227779,4840,ascendant,1270,6502,404,6208,1223426,16.09,197.07,0.78,1.05,,
1845,2202,1398687,5030,ascendant,1618,6748,423,7139,1283991,15.95,179.86,0.70,0.95,,
1846,2202,1194767,3928,ascendant,1302,5937,370,6295,1084662,16.05,172.31,0.62,0.94,,
1847,2202,1137794,4425,ascendant,1320,6118,372,5995,1190349,16.45,198.56,0.74,1.02,,
1848,2202,1278395,4180,ascendant,1311,6557,438,6857,1224357,14.97,178.56,0.61,0.96,,
1849,2197,1343909,4641,ascendant,1331,6643,421,7009,1307017,15.78,186.48,0.66,0.95,,
1850,2195,1351078,5312,ascendant,1599,6517,405,7092,1216203,16.09,171.49,0.75,0.92,,
1851,2183,1147968,5053,ascendant,1280,6561,408,6066,1259549,16.08,207.64,0.83,1.08,,
1852,2182,1104217,4164,ascendant,1192,6064,370,5775,1151728,16.39,199.43,0.72,1.05,,
1853,2180,1499618,6467,ascendant,1765,8440,487,7915,1552156,17.33,196.10,0.82,1.07,,
1854,2175,1429627,6118,ascendant,1651,8084,455,7434,1531923,17.77,206.07,0.82,1.09,,
1855,2175,1061652,4044,ascendant,1183,5650,363,5620,1121943,15.56,199.63,0.72,1.01,,
1856,2174,1392495,4211,ascendant,1611,6583,416,7156,1269646,15.82,177.42,0.59,0.92,,
1857,2168,1214816,4367,ascendant,1231,6539,428,6400,1222336,15.28,190.99,0.68,1.02,,
1858,2163,1266895,3742,ascendant,1378,6525,414,6292,1272990,15.76,202.32,0.59,1.04,,
1859,2149,1145430,4541,ascendant,1269,6566,388,5990,1233686,16.92,205.96,0.76,1.10,,
1860,2147,1490733,5933,ascendant,1495,8329,498,7928,1564758,16.72,197.37,0.75,1.05,,
1861,2142,1138083,4044,ascendant,1229,5825,358,5955,1103647,16.27,185.33,0.68,0.98,,
1862,2135,1074673,5020,ascendant,1095,6458,364,5569,1202648,17.74,215.95,0.90,1.16,,
1863,2134,1127106,4174,ascendant,1216,6004,385,5953,1135349,15.59,190.72,0.70,1.01,,
1864,2133,1197941,4646,ascendant,1391,6104,378,6270,1141224,16.15,182.01,0.74,0.97,,
1865,2131,1131869,4011,ascendant,1395,5697,389,5919,1093970,14.65,184.82,0.68,0.96,,
1866,2129,1216452,4984,ascendant,1265,7310,395,6247,1381452,18.51,221.14,0.80,1.17,,
1867,2128,1078729,4404,ascendant,1091,6327,356,5516,1143158,17.77,207.24,0.80,1.15,,
1868,2127,1110240,4137,ascendant,1225,5813,410,5968,1092876,14.18,183.12,0.69,0.97,,
1869,2126,1520156,5251,ascendant,1515,7862,477,8007,1527066,16.48,190.72,0.66,0.98,,
1870,2120,1147739,4714,immortal,1181,6205,348,5840,1172147,17.83,200.71,0.81,1.06,,
1871,2120,1363423,5679,ascendant,1441,7614,456,7163,1444540,16.70,201.67,0.79,1.06,,
1872,2118,1158927,3920,ascendant,1091,6206,383,6148,1192022,16.20,193.89,0.64,1.01,,
1873,2117,1099061,4630,ascendant,1124,6052,381,5643,1139937,15.88,202.01,0.82,1.07,,
1874,2115,1235774,5218,ascendant,1142,7264,390,6258,1352465,18.63,216.12,0.83,1.16,,
1875,2110,1197452,3854,ascendant,1251,5797,370,6113,1085361,15.67,177.55,0.63,0.95,,
1876,2109,1059421,3773,ascendant,1123,5839,365,5556,1128323,16.00,203.08,0.68,1.05,,
1877,2108,1160805,3678,ascendant,1076,5521,370,5984,1060648,14.92,177.25,0.61,0.92,,
1878,2104,1317124,4957,ascendant,1277,7299,433,6826,1379777,16.86,202.14,0.73,1.07,,
1879,2103,1310525,4786,ascendant,1393,6387,416,6844,1205812,15.35,176.19,0.70,0.93,,
1880,2096,1322040,4500,ascendant,1256,6776,428,6899,1257164,15.83,182.22,0.65,0.98,,
1881,2092,1654025,6203,ascendant,1532,9284,562,8592,1760293,16.52,204.88,0.72,1.08,,
1882,2092,1114779,3929,ascendant,1149,5758,369,5776,1126894,15.60,195.10,0.68,1.00,,
1883,2092,1165845,4097,ascendant,1170,5867,374,5853,1114750,15.69,190.46,0.70,1.00,,
1884,2091,1148918,3794,ascendant,1129,5602,386,6080,1078838,14.51,177.44,0.62,0.92,,
1885,2090,1160224,5038,ascendant,1341,6330,378,6090,1168561,16.75,191.88,0.83,1.04,,
1886,2088,1112175,4435,ascendant,1333,6398,350,5653,1161907,18.28,205.54,0.78,1.13,,
1887,2086,1165829,4485,ascendant,1218,6396,383,5868,1216350,16.70,207.29,0.76,1.09,,
1888,2086,1379536,5015,ascendant,1543,7007,437,7201,1298233,16.03,180.29,0.70,0.97,,
1889,2085,1440653,4465,ascendant,1439,7460,426,7227,1307345,17.51,180.90,0.62,1.03,,
1890,2084,1255016,3702,diamond,1189,7003,401,6388,1317380,17.46,206.23,0.58,1.10,,
1891,2083,1077345,4183,ascendant,1167,5818,349,5762,1097340,16.67,190.44,0.73,1.01,,
1892,2082,1211541,4035,ascendant,1229,5987,403,6226,1134185,14.86,182.17,0.65,0.96,,
1893,2081,1214403,4502,ascendant,1224,6344,407,6340,1175732,15.59,185.45,0.71,1.00,,
1894,2080,1082795,3704,ascendant,913,5575,383,5661,1076794,14.56,190.21,0.65,0.98,,
1895,2078,1191324,4389,ascendant,1179,6248,408,6244,1157390,15.31,185.36,0.70,1.00,,
1896,2077,1191694,3688,ascendant,1236,6148,384,6258,1190564,16.01,190.25,0.59,0.98,,
1897,2062,1244950,5088,diamond,1249,6969,361,6393,1301122,19.30,203.52,0.80,1.09,,
1898,2062,1102997,3861,ascendant,1178,5903,357,5629,1114987,16.54,198.08,0.69,1.05,,
1899,2061,1294141,4690,ascendant,1321,6375,419,6788,1213313,15.21,178.74,0.69,0.94,,
1900,2060,1092152,4304,ascendant,1061,5725,357,5818,1081122,16.04,185.82,0.74,0.98,,
1901,2059,1138310,4219,immortal,1260,5887,391,5901,1124424,15.06,190.55,0.71,1.00,,
1902,2059,1416717,6125,ascendant,1289,8401,466,7408,1537917,18.03,207.60,0.83,1.13,,
1903,2054,1391217,5423,ascendant,1518,7325,457,7365,1355403,16.03,184.03,0.74,0.99,,
1904,2053,1162067,4384,ascendant,1304,6383,364,5926,1223309,17.54,206.43,0.74,1.08,,
1905,2048,1128561,4406,immortal,1193,5602,376,5639,1057909,14.90,187.61,0.78,0.99,,
1906,2048,1542971,5117,ascendant,1545,7681,484,8162,1439565,15.87,176.37,0.63,0.94,,
1907,2042,1319912,4690,ascendant,1527,6913,418,7006,1332290,16.54,190.16,0.67,0.99,,
1908,2038,1095341,3838,ascendant,1279,5576,363,5802,1078758,15.36,185.93,0.66,0.96,,
1909,2037,1392971,4832,ascendant,1572,7110,425,7175,1337305,16.73,186.38,0.67,0.99,,
1910,2032,1412677,5169,ascendant,1439,7305,441,7339,1369305,16.56,186.58,0.70,1.00,,
1911,2031,1095218,4398,ascendant,1161,6375,382,5980,1177785,16.69,196.95,0.74,1.07,,
1912,2028,1241617,5077,ascendant,1448,6901,386,6289,1273248,17.88,202.46,0.81,1.10,,
1913,2026,1493744,5478,ascendant,1488,8095,463,7776,1554649,17.48,199.93,0.70,1.04,,
1914,2025,1110251,3848,ascendant,958,6264,381,5590,1192857,16.44,213.39,0.69,1.12,,
1915,2025,1577694,7413,ascendant,1810,8969,501,8287,1697555,17.90,204.85,0.89,1.08,,
1916,2025,1140374,4273,ascendant,1235,5906,379,5960,1106981,15.58,185.74,0.72,0.99,,
1917,2023,1148036,4263,ascendant,1160,6195,377,5795,1183872,16.43,204.29,0.74,1.07,,
1918,2021,1177892,4127,ascendant,1277,5531,384,6170,1070517,14.40,173.50,0.67,0.90,,
1919,2018,1386980,6135,ascendant,1288,7839,498,7253,1488779,15.74,205.26,0.85,1.08,,
1920,2017,1442737,5220,ascendant,1545,7465,459,7431,1431542,16.26,192.64,0.70,1.00,,
1921,2015,1093973,6072,ascendant,917,7966,368,5450,1450514,21.65,266.15,1.11,1.46,,
1922,2013,1362661,5237,ascendant,1635,6596,433,7114,1266296,15.23,178.00,0.74,0.93,,
1923,2013,1095397,4308,ascendant,1224,6126,370,5775,1147826,16.56,198.76,0.75,1.06,,
1924,2012,1517678,6418,ascendant,1268,9157,520,7615,1660744,17.61,218.09,0.84,1.20,,
1925,2011,1238960,4799,immortal,1479,6351,363,6479,1186741,17.50,183.17,0.74,0.98,,
1926,2008,1062399,4212,ascendant,1070,6081,357,5311,1143469,17.03,215.30,0.79,1.14,,
1927,2008,1146685,4643,ascendant,1205,6207,380,5998,1167270,16.33,194.61,0.77,1.03,,
1928,2004,1200466,4472,ascendant,1407,5919,361,6366,1126160,16.40,176.90,0.70,0.93,,
1929,2002,1128128,4633,ascendant,1002,5883,388,5968,1103569,15.16,184.91,0.78,0.99,,
1930,2001,1204178,4142,ascendant,1527,5954,368,6130,1127125,16.18,183.87,0.68,0.97,,
1931,2000,1154508,4852,ascendant,1129,6198,376,6035,1205428,16.48,199.74,0.80,1.03,,
1932,2000,1183556,4709,ascendant,1287,6574,400,6300,1224293,16.44,194.33,0.75,1.04,,
1933,1999,1098161,4472,ascendant,1202,6093,397,5879,1158237,15.35,197.01,0.76,1.04,,
1934,1998,1152729,4513,ascendant,1106,6672,411,6152,1270552,16.23,206.53,0.73,1.08,,
1935,1997,1188314,4971,ascendant,1236,6451,393,6118,1203860,16.41,196.77,0.81,1.05,,
1936,1996,1138246,4780,ascendant,1378,6018,361,5909,1154084,16.67,195.31,0.81,1.02,,
1937,1996,1109937,3944,ascendant,1137,5654,338,5737,1089402,16.73,189.89,0.69,0.99,,
1938,1993,1194616,4500,diamond,1222,6425,395,6062,1218319,16.27,200.98,0.74,1.06,,
1939,1992,1548973,7170,ascendant,1781,9175,464,7999,1703524,19.77,212.97,0.90,1.15,,
1940,1990,1181535,4798,ascendant,1102,6451,395,6316,1216857,16.33,192.66,0.76,1.02,,
1941,1989,1103315,4616,ascendant,1108,6163,381,5873,1131953,16.18,192.74,0.79,1.05,,
1942,1988,1135761,4169,ascendant,1221,5770,401,5997,1089861,14.39,181.73,0.70,0.96,,
1943,1987,1158484,4493,ascendant,1237,6184,374,5944,1181581,16.53,198.79,0.76,1.04,,
1944,1985,1203370,4097,ascendant,1188,6052,382,6296,1226486,15.84,194.80,0.65,0.96,,
1945,1983,1161987,3991,ascendant,1276,5737,355,5954,1115237,16.16,187.31,0.67,0.96,,
1946,1981,1179140,4647,ascendant,1220,6403,357,5946,1222475,17.94,205.60,0.78,1.08,,
1947,1981,1161693,4019,ascendant,1282,5706,384,6195,1065686,14.86,172.02,0.65,0.92,,
1948,1978,1089046,4487,ascendant,1043,6349,376,5664,1153659,16.89,203.68,0.79,1.12,,
1949,1975,1095775,4210,ascendant,1153,5714,365,5720,1073873,15.65,187.74,0.74,1.00,,
1950,1973,1072344,3863,ascendant,1201,5875,347,5468,1117627,16.93,204.39,0.71,1.07,,
1951,1973,1067778,4306,ascendant,1188,6105,364,5691,1141391,16.77,200.56,0.76,1.07,,
1952,1972,1409584,4679,ascendant,1183,7828,462,7238,1422140,16.94,196.48,0.65,1.08,,
1953,1971,1120638,4380,ascendant,1179,6354,404,5825,1159250,15.73,199.01,0.75,1.09,,
1954,1968,1198591,4453,ascendant,1317,6572,390,6178,1235667,16.85,200.01,0.72,1.06,,
1955,1963,1070817,4217,ascendant,1224,5884,350,5489,1095797,16.81,199.64,0.77,1.07,,
1956,1962,1072950,4269,ascendant,1200,5806,345,5788,1074130,16.83,185.58,0.74,1.00,,
1957,1959,1334623,4919,diamond,1333,6401,426,6798,1222646,15.03,179.85,0.72,0.94,,
1958,1957,1374941,6264,immortal,1515,7777,422,6752,1407650,18.43,208.48,0.93,1.15,,
1959,1953,1154405,4088,ascendant,1066,6517,383,5872,1208528,17.02,205.81,0.70,1.11,,
1960,1952,1247609,4387,ascendant,1218,6564,388,6381,1261036,16.92,197.62,0.69,1.03,,
1961,1946,1118275,3932,diamond,1135,5863,362,5576,1092393,16.20,195.91,0.71,1.05,,
1962,1944,1134320,4114,ascendant,1212,6362,371,5821,1161029,17.15,199.46,0.71,1.09,,
1963,1942,1103889,4699,ascendant,1146,6823,377,5501,1243848,18.10,226.11,0.85,1.24,,
1964,1942,1193300,4484,ascendant,1112,6554,425,6272,1224627,15.42,195.25,0.71,1.04,,
1965,1938,1167548,4055,ascendant,1177,6341,385,6132,1187141,16.47,193.60,0.66,1.03,,
1966,1937,1270589,4183,ascendant,1292,6214,371,6311,1162792,16.75,184.25,0.66,0.98,,
1967,1937,1110187,4296,immortal,1274,6621,371,5750,1232120,17.85,214.28,0.75,1.15,,
1968,1936,1468664,5572,immortal,1628,9575,471,7681,1737944,20.33,226.27,0.73,1.25,,
1969,1935,1146970,3880,ascendant,1200,5869,358,6000,1115104,16.39,185.85,0.65,0.98,,
1970,1935,1171629,4162,ascendant,1505,6048,374,6170,1185496,16.17,192.14,0.67,0.98,,
1971,1931,1179565,4739,ascendant,1474,6393,363,6023,1176294,17.61,195.30,0.79,1.06,,
1972,1928,1088401,4300,ascendant,1186,5754,326,5400,1078945,17.65,199.80,0.80,1.07,,
1973,1928,1357946,5939,ascendant,1524,7495,412,6825,1384342,18.19,202.83,0.87,1.10,,
1974,1925,1270128,5051,ascendant,1174,7736,410,6220,1425705,18.87,229.21,0.81,1.24,,
1975,1921,1175112,4051,ascendant,1290,6200,369,6209,1181973,16.80,190.36,0.65,1.00,,
1976,1921,1138328,4541,ascendant,1408,5970,339,5882,1122596,17.61,190.85,0.77,1.01,,
1977,1918,1102849,4129,ascendant,1121,5711,372,5776,1112519,15.35,192.61,0.71,0.99,,
1978,1917,1077469,4305,ascendant,1157,5901,359,5616,1103815,16.44,196.55,0.77,1.05,,
1979,1914,1598196,6441,ascendant,1794,8154,492,8180,1541634,16.57,188.46,0.79,1.00,,
1980,1911,1160378,4318,ascendant,1218,6210,399,6148,1146035,15.56,186.41,0.70,1.01,,
1981,1911,1215442,3831,ascendant,1159,6414,365,5389,1179743,17.57,218.92,0.71,1.19,,
1982,1910,1138646,4037,ascendant,1190,5720,343,5728,1075404,16.68,187.75,0.70,1.00,,
1983,1909,1167095,4367,ascendant,1301,6168,385,6123,1142865,16.02,186.65,0.71,1.01,,
1984,1904,1289602,4609,ascendant,1527,6847,410,6750,1255508,16.70,186.00,0.68,1.01,,
1985,1903,1424167,5673,ascendant,1463,7774,459,7323,1465922,16.94,200.18,0.77,1.06,,
1986,1903,1222519,5248,ascendant,1302,7242,382,6359,1381989,18.96,217.33,0.83,1.14,,
1987,1902,1116545,4328,ascendant,1169,5831,349,5697,1099867,16.71,193.06,0.76,1.02,,
1988,1902,1368375,4416,ascendant,1655,7027,440,7043,1340536,15.97,190.34,0.63,1.00,,
1989,1902,1071158,3921,ascendant,1093,6227,378,5738,1190839,16.47,207.54,0.68,1.09,,
1990,1900,1327396,4259,ascendant,1480,6400,419,7071,1261844,15.27,178.45,0.60,0.91,,
1991,1900,1415551,5476,ascendant,1563,7799,459,7492,1463685,16.99,195.37,0.73,1.04,,
1992,1899,1432453,6003,ascendant,1790,9000,458,7379,1657494,19.65,224.62,0.81,1.22,,
1993,1895,1270976,3872,ascendant,1762,6420,401,6766,1115814,16.01,164.91,0.57,0.95,,
1994,1892,1191810,4089,ascendant,1214,6064,390,6262,1131793,15.55,180.74,0.65,0.97,,
1995,1888,1219451,4344,ascendant,1251,6129,383,6389,1158709,16.00,181.36,0.68,0.96,,
1996,1887,1118986,3576,diamond,988,6249,345,5646,1190244,18.11,210.81,0.63,1.11,,
1997,1885,1311556,4811,ascendant,1349,7397,434,6953,1358344,17.04,195.36,0.69,1.06,,
1998,1884,1156459,4100,ascendant,1359,5797,369,6083,1101107,15.71,181.01,0.67,0.95,,
1999,1882,1161231,3707,ascendant,1327,5752,338,5814,1082359,17.02,186.16,0.64,0.99,,
2000,1878,1129847,4036,ascendant,1166,5884,375,5777,1110175,15.69,192.17,0.70,1.02,,
2001,1877,1199699,4904,ascendant,1458,6192,381,6222,1134744,16.25,182.38,0.79,1.00,,
2002,1876,1123047,3833,ascendant,1163,5466,341,5692,1067644,16.03,187.57,0.67,0.96,,
2003,1876,1149341,4257,ascendant,1424,6100,359,5966,1143425,16.99,191.66,0.71,1.02,,
2004,1874,1121237,4431,ascendant,1149,5824,354,5699,1070781,16.45,187.89,0.78,1.02,,
2005,1873,1126768,4735,ascendant,1105,5840,370,5590,1089604,15.78,194.92,0.85,1.04,,
2006,1873,1146068,4952,ascendant,1215,5961,320,5862,1083951,18.63,184.91,0.84,1.02,,
2007,1869,1192281,4443,ascendant,1457,6215,378,6209,1150569,16.44,185.31,0.72,1.00,,
2008,1868,1069442,4725,ascendant,1131,5841,374,5693,1077146,15.62,189.21,0.83,1.03,,
2009,1864,1091941,4138,ascendant,1132,5750,370,5637,1086560,15.54,192.76,0.73,1.02,,
2010,1863,1361927,4812,ascendant,1484,7246,437,7199,1304302,16.58,181.18,0.67,1.01,,
2011,1860,1131791,5046,ascendant,1073,7005,380,5912,1281654,18.43,216.79,0.85,1.18,,
2012,1857,1227383,5959,ascendant,1179,7951,374,6293,1456735,21.26,231.48,0.95,1.26,,
2013,1855,1382799,5932,ascendant,1437,7703,437,7292,1429675,17.63,196.06,0.81,1.06,,
2014,1851,1159604,4957,ascendant,1282,6551,375,6052,1161958,17.47,192.00,0.82,1.08,,
2015,1849,1147077,4074,ascendant,1433,5960,377,5903,1098472,15.81,186.09,0.69,1.01,,
2016,1848,1198913,3728,ascendant,1172,5977,389,6152,1160892,15.37,188.70,0.61,0.97,,
2017,1845,1124977,3997,ascendant,1114,6225,355,6003,1178933,17.54,196.39,0.67,1.04,,
2018,1844,1168260,3656,ascendant,1481,5911,356,6203,1081428,16.60,174.34,0.59,0.95,,
2019,1843,1173606,4888,ascendant,1296,6100,386,6212,1148117,15.80,184.82,0.79,0.98,,
2020,1843,1169679,3807,ascendant,1044,6705,372,5981,1234807,18.02,206.45,0.64,1.12,,
2021,1842,1122853,4285,ascendant,1167,5782,372,5916,1111702,15.54,187.91,0.72,0.98,,
2022,1838,1147545,3962,ascendant,1039,5886,365,5932,1134161,16.13,191.19,0.67,0.99,,
2023,1834,1242556,5938,diamond,1244,7306,426,6413,1341359,17.15,209.16,0.93,1.14,,
2024,1832,1346672,5417,ascendant,1338,6899,421,6785,1313476,16.39,193.59,0.80,1.02,,
2025,1831,1145354,4282,ascendant,1152,5769,369,5896,1105944,15.63,187.58,0.73,0.98,,
2026,1828,1115307,4489,ascendant,1259,6275,367,5787,1194889,17.10,206.48,0.78,1.08,,
2027,1827,1122016,3701,ascendant,1139,5725,394,5707,1075185,14.53,188.40,0.65,1.00,,
2028,1827,1116163,4105,ascendant,1182,5923,383,5976,1130638,15.46,189.20,0.69,0.99,,
2029,1824,1188948,3898,ascendant,1192,6165,343,6116,1102858,17.97,180.32,0.64,1.01,,
2030,1824,1101074,4261,ascendant,1263,6188,359,5723,1149388,17.24,200.84,0.74,1.08,,
2031,1823,1181736,3827,ascendant,1208,5912,354,5973,1126883,16.70,188.66,0.64,0.99,,
2032,1822,1389053,4771,ascendant,1435,7385,435,7316,1342441,16.98,183.49,0.65,1.01,,
2033,1817,1151337,5373,ascendant,1488,6194,358,5955,1123710,17.30,188.70,0.90,1.04,,
2034,1813,1189650,3746,ascendant,1344,5914,379,6083,1136293,15.60,186.80,0.62,0.97,,
2035,1811,1210249,4363,ascendant,1360,6262,367,6210,1200141,17.06,193.26,0.70,1.01,,
2036,1809,1150946,4535,ascendant,1317,6172,378,6088,1161633,16.33,190.81,0.74,1.01,,
2037,1807,1175133,4825,ascendant,970,6774,412,5884,1296530,16.44,220.35,0.82,1.15,,
2038,1804,1071594,4674,ascendant,1299,6064,334,5681,1133002,18.16,199.44,0.82,1.07,,
2039,1784,1152923,4088,immortal,1123,6282,391,5944,1155339,16.07,194.37,0.69,1.06,,
2040,1780,1374753,5590,immortal,1406,7253,443,7200,1351228,16.37,187.67,0.78,1.01,,
2041,1775,1214418,4466,ascendant,1414,6274,398,6345,1201848,15.76,189.42,0.70,0.99,,
2042,1775,1145202,4014,ascendant,1088,6004,368,6035,1103265,16.32,182.81,0.67,0.99,,
2043,1772,1162265,4193,ascendant,1138,6390,359,5937,1209736,17.80,203.76,0.71,1.08,,
2044,1771,1065223,4306,ascendant,1137,5909,356,5536,1128241,16.60,203.80,0.78,1.07,,
2045,1770,1111071,4643,ascendant,1371,6228,337,5817,1195721,18.48,205.56,0.80,1.07,,
2046,1766,1179341,4587,ascendant,1230,6461,349,6135,1197183,18.51,195.14,0.75,1.05,,
2047,1760,1382263,6367,ascendant,1328,7577,457,7244,1430941,16.58,197.53,0.88,1.05,,
2048,1760,1381097,4719,ascendant,1655,6984,421,7145,1260306,16.59,176.39,0.66,0.98,,
2049,1755,1154333,4291,ascendant,1335,5967,371,5953,1074776,16.08,180.54,0.72,1.00,,
2050,1751,1193666,5036,diamond,1257,6551,378,6067,1209412,17.33,199.34,0.83,1.08,,
2051,1749,1140544,4729,ascendant,1155,6048,342,5867,1153654,17.68,196.63,0.81,1.03,,
2052,1748,1099288,4295,ascendant,1192,5706,372,5810,1086010,15.34,186.92,0.74,0.98,,
2053,1747,1132904,4189,ascendant,1278,6103,340,5948,1129477,17.95,189.89,0.70,1.03,,
2054,1747,1166525,5025,ascendant,1063,7348,383,6097,1330379,19.19,218.20,0.82,1.21,,
2055,1747,1080328,3923,ascendant,1059,5827,357,5648,1098373,16.32,194.47,0.69,1.03,,
2056,1744,1189228,4380,ascendant,1101,6455,378,6183,1177254,17.08,190.40,0.71,1.04,,
2057,1742,1349935,4987,ascendant,1193,7472,419,6890,1434048,17.83,208.13,0.72,1.08,,
2058,1740,1235627,5058,ascendant,1330,6536,358,6252,1235044,18.26,197.54,0.81,1.05,,
2059,1740,1179767,4951,ascendant,1174,6986,379,6144,1319795,18.43,214.81,0.81,1.14,,
2060,1735,1098719,4287,diamond,1193,5777,348,5680,1082853,16.60,190.64,0.75,1.02,,
2061,1733,1085977,4443,ascendant,1212,5606,331,5631,1068392,16.94,189.73,0.79,1.00,,
2062,1729,1062754,4227,ascendant,1117,5836,336,5617,1112614,17.37,198.08,0.75,1.04,,
2063,1718,1156083,4333,ascendant,865,6374,375,5578,1226110,17.00,219.81,0.78,1.14,,
2064,1718,1092491,4307,ascendant,1136,6287,367,5669,1171955,17.13,206.73,0.76,1.11,,
2065,1713,1191623,4696,diamond,1372,6059,356,6195,1137759,17.02,183.66,0.76,0.98,,
2066,1708,1134081,4513,ascendant,1091,6189,380,5888,1103949,16.29,187.49,0.77,1.05,,
2067,1702,1217721,4580,diamond,1263,6079,363,6277,1143828,16.75,182.23,0.73,0.97,,
2068,1702,1154621,4594,ascendant,1226,6233,360,5979,1188627,17.31,198.80,0.77,1.04,,
2069,1699,1119208,3914,immortal,1131,5505,379,5822,1050681,14.53,180.47,0.67,0.95,,
2070,1695,1166930,4479,ascendant,1237,6137,373,6197,1142790,16.45,184.41,0.72,0.99,,
2071,1692,1180706,4446,ascendant,1377,6412,374,6065,1218126,17.14,200.85,0.73,1.06,,
2072,1691,1355870,6316,ascendant,1294,8412,406,7020,1591528,20.72,226.71,0.90,1.20,,
2073,1687,1164875,4500,ascendant,1148,6165,377,6198,1171370,16.35,188.99,0.73,0.99,,
2074,1681,1184661,4445,ascendant,1270,6019,376,6165,1117227,16.01,181.22,0.72,0.98,,
2075,1678,1197634,4388,ascendant,1290,6031,373,6107,1160942,16.17,190.10,0.72,0.99,,
2076,1678,1206472,4962,ascendant,1273,7276,421,6349,1354761,17.28,213.38,0.78,1.15,,
2077,1676,1093645,4750,ascendant,1170,6361,349,5577,1216618,18.23,218.15,0.85,1.14,,
2078,1670,1203875,5221,ascendant,1190,7344,391,6218,1325888,18.78,213.23,0.84,1.18,,
2079,1667,1099588,4486,ascendant,1155,6161,337,5496,1178846,18.28,214.49,0.82,1.12,,
2080,1665,1221234,4995,ascendant,1307,6932,402,6386,1271296,17.24,199.08,0.78,1.09,,
2081,1663,1128358,3810,diamond,1024,6443,351,5681,1218362,18.36,214.46,0.67,1.13,,
2082,1661,1147233,4226,immortal,1211,6067,347,5846,1115940,17.48,190.89,0.72,1.04,,
2083,1658,1076933,4263,ascendant,1224,5862,333,5422,1122673,17.60,207.06,0.79,1.08,,
2084,1653,1228314,4252,immortal,1329,6652,402,6400,1231064,16.55,192.35,0.66,1.04,,
2085,1650,1216955,4222,ascendant,1435,5840,355,6376,1101895,16.45,172.82,0.66,0.92,,
2086,1647,1085225,4175,ascendant,1243,6194,343,5688,1165579,18.06,204.92,0.73,1.09,,
2087,1647,1175098,4358,diamond,1223,5912,375,6046,1120255,15.77,185.29,0.72,0.98,,
2088,1644,1303245,5435,ascendant,1259,6745,401,6895,1302065,16.82,188.84,0.79,0.98,,
2089,1642,1148318,4573,ascendant,1172,6128,358,6141,1154196,17.12,187.95,0.74,1.00,,
2090,1642,1176538,5067,ascendant,1084,6226,404,6233,1136861,15.41,182.39,0.81,1.00,,
2091,1640,1204500,3746,ascendant,1368,6089,403,6371,1084441,15.11,170.22,0.59,0.96,,
2092,1640,1083552,4292,ascendant,1094,5880,337,5694,1101837,17.45,193.51,0.75,1.03,,
2093,1640,1072683,4612,ascendant,1055,6012,332,5388,1124809,18.11,208.76,0.86,1.12,,
2094,1636,1182957,3998,ascendant,1112,5966,389,6211,1152870,15.34,185.62,0.64,0.96,,
2095,1633,1246611,4803,diamond,1383,6415,402,6524,1204227,15.96,184.58,0.74,0.98,,
2096,1621,1207098,4339,ascendant,1179,6524,418,6346,1191069,15.61,187.69,0.68,1.03,,
2097,1613,1084648,4140,ascendant,958,5683,368,5521,1075774,15.44,194.85,0.75,1.03,,
2098,1609,1297933,4622,diamond,1370,6188,388,6501,1178398,15.95,181.26,0.71,0.95,,
2099,1609,1156386,4784,ascendant,1279,7443,385,6047,1351166,19.33,223.44,0.79,1.23,,
2100,1600,1235327,4505,ascendant,1302,6417,423,6390,1205826,15.17,188.71,0.71,1.00,,
2101,1591,1096559,4636,immortal,1227,6504,351,5621,1210394,18.53,215.33,0.82,1.16,,
2102,1587,1059293,4214,ascendant,1143,6080,332,5528,1144783,18.31,207.09,0.76,1.10,,
2103,1586,1097099,4348,ascendant,1078,6060,364,5733,1130991,16.65,197.28,0.76,1.06,,
2104,1584,1111040,4136,ascendant,1026,5549,337,5702,1086546,16.47,190.56,0.73,0.97,,
2105,1579,1091448,4461,ascendant,1326,6293,366,5719,1155220,17.19,202.00,0.78,1.10,,
2106,1566,1166031,4742,ascendant,1115,6365,388,6193,1210402,16.40,195.45,0.77,1.03,,
2107,1561,1202251,4533,ascendant,1378,5901,372,6199,1117586,15.86,180.28,0.73,0.95,,
2108,3860,2002036,7626,immortal,2094,9949,678,10408,1875639,14.67,180.21,0.73,0.96,,
2109,3852,1586844,4988,immortal,1946,7658,477,8343,1438854,16.05,172.46,0.60,0.92,,
2110,3731,1996328,6413,immortal,2401,9370,648,10456,1774736,14.46,169.73,0.61,0.90,,
2111,3674,1213425,4007,immortal,1214,6981,422,6412,1303682,16.54,203.32,0.62,1.09,,
2112,3606,1576712,5375,immortal,1647,7979,556,8339,1521750,14.35,182.49,0.64,0.96,,
2113,3507,1400962,5987,immortal,1470,8193,483,7295,1590483,16.96,218.02,0.82,1.12,,
2114,3239,1530240,5818,immortal,1748,8370,547,8049,1596093,15.30,198.30,0.72,1.04,,
2115,3229,1845146,9730,immortal,2101,11832,578,9588,2202013,20.47,229.66,1.01,1.23,,
2116,3206,1778825,6447,immortal,1696,9151,576,9265,1706471,15.89,184.18,0.70,0.99,,
2117,3189,1999217,7640,immortal,2734,9860,637,10445,1867743,15.48,178.82,0.73,0.94,,
2118,3174,951430,3154,immortal,1072,4658,331,5155,878605,14.07,170.44,0.61,0.90,,
2119,3170,1350701,4437,immortal,1459,6482,406,6864,1235893,15.97,180.05,0.65,0.94,,
2120,3166,1312090,3710,immortal,1287,8069,456,6810,1581317,17.70,232.21,0.54,1.18,,
2121,3157,1496633,5165,immortal,1589,7963,497,7699,1527601,16.02,198.42,0.67,1.03,,
2122,3149,1315101,3775,immortal,1484,5583,355,6686,1056733,15.73,158.05,0.56,0.84,,
2123,3132,2320429,10399,immortal,2840,13421,752,12186,2495044,17.85,204.75,0.85,1.10,,
2124,3126,1237879,4059,immortal,1443,6545,438,6500,1301556,14.94,200.24,0.62,1.01,,
2125,3118,1664892,5113,immortal,2122,7326,526,8868,1380353,13.93,155.66,0.58,0.83,,
2126,3105,1753450,6226,immortal,1753,8903,529,8852,1622567,16.83,183.30,0.70,1.01,,
2127,3102,1508882,5640,immortal,1534,8099,516,7939,1573077,15.70,198.15,0.71,1.02,,
2128,3082,1509748,6137,immortal,1768,8175,504,7772,1529205,16.22,196.76,0.79,1.05,,
2129,3060,1832734,6791,immortal,2173,8878,537,9324,1667194,16.53,178.81,0.73,0.95,,
2130,3053,1345260,5206,immortal,1504,7332,463,7005,1401198,15.84,200.03,0.74,1.05,,
2131,3045,1590869,6862,immortal,1874,9056,555,8319,1702572,16.32,204.66,0.82,1.09,,
2132,3007,1634774,5901,immortal,1808,8664,532,8505,1667719,16.29,196.09,0.69,1.02,,
2133,3005,1455743,5540,immortal,1649,7330,440,7347,1380693,16.66,187.93,0.75,1.00,,
2134,2997,1484145,5794,immortal,1539,7793,505,7776,1478775,15.43,190.17,0.75,1.00,,
2135,2977,1806501,6745,immortal,2188,9662,593,9483,1780443,16.29,187.75,0.71,1.02,,
2136,2974,1293732,4731,immortal,1551,6491,456,6802,1306340,14.23,192.05,0.70,0.95,,
2137,2962,1239148,3582,immortal,1388,5941,441,6581,1167634,13.47,177.43,0.54,0.90,,
2138,2952,1600223,6145,immortal,1940,7956,489,8235,1496127,16.27,181.68,0.75,0.97,,
2139,2948,1155937,4055,immortal,1213,5847,393,5937,1104573,14.88,186.05,0.68,0.98,,
2140,2947,1582416,5005,immortal,1888,9097,520,8273,1699229,17.49,205.39,0.60,1.10,,
2141,2933,1390578,4177,immortal,1628,7115,479,7354,1379394,14.85,187.57,0.57,0.97,,
2142,2894,1458883,5112,immortal,1879,7156,454,7593,1358400,15.76,178.90,0.67,0.94,,
2143,2887,1636930,6598,immortal,2015,8600,543,8746,1602879,15.84,183.27,0.75,0.98,,
2144,2865,1239810,3982,immortal,1571,5923,418,6529,1186908,14.17,181.79,0.61,0.91,,
2145,2853,1501378,5720,immortal,1762,8068,444,7535,1501538,18.17,199.28,0.76,1.07,,
2146,2836,1692057,6608,immortal,1737,9335,577,8983,1755084,16.18,195.38,0.74,1.04,,
2147,2816,1482223,5210,immortal,1651,7332,488,7870,1415885,15.02,179.91,0.66,0.93,,
2148,2812,1716596,6052,immortal,2059,8485,499,8586,1607362,17.00,187.21,0.70,0.99,,
2149,2809,1141913,4195,immortal,1275,5866,373,5972,1146662,15.73,192.01,0.70,0.98,,
2150,2804,1256748,4398,immortal,1370,6854,409,6486,1287616,16.76,198.52,0.68,1.06,,
2151,2784,1400711,4532,immortal,1832,6879,439,7230,1304528,15.67,180.43,0.63,0.95,,
2152,2777,1638546,4924,immortal,1867,7013,529,8274,1395727,13.26,168.69,0.60,0.85,,
2153,2774,1216706,3814,immortal,1196,6224,431,6455,1181600,14.44,183.05,0.59,0.96,,
2154,2761,1372570,5160,immortal,1681,7536,433,7091,1423967,17.40,200.81,0.73,1.06,,
2155,2759,1423258,5769,immortal,1616,8597,468,7386,1620886,18.37,219.45,0.78,1.16,,
2156,2756,1537374,6066,immortal,1694,8562,493,7845,1618913,17.37,206.36,0.77,1.09,,
2157,2738,2029003,9168,ascendant,2101,11808,651,10643,2166029,18.14,203.52,0.86,1.11,,
2158,2718,1097678,3849,immortal,1360,5646,351,5812,1099939,16.09,189.25,0.66,0.97,,
2159,2698,1605417,5818,ascendant,1799,8613,515,8174,1639695,16.72,200.60,0.71,1.05,,
2160,2687,1396222,5329,immortal,1391,7903,478,7259,1501656,16.53,206.87,0.73,1.09,,
2161,2681,1575843,5976,immortal,1883,8993,505,8057,1685056,17.81,209.14,0.74,1.12,,
2162,2678,1407259,4586,immortal,1458,7722,477,7440,1470038,16.19,197.59,0.62,1.04,,
2163,2658,1573985,5950,immortal,1926,7848,499,8198,1496700,15.73,182.57,0.73,0.96,,
2164,2651,1279558,3625,immortal,1419,5524,389,6741,1073740,14.20,159.28,0.54,0.82,,
2165,2649,1234186,4335,immortal,1615,6782,390,6420,1255311,17.39,195.53,0.68,1.06,,
2166,2649,1145948,4588,immortal,1187,6878,379,5995,1285742,18.15,214.47,0.77,1.15,,
2167,2644,1315765,5673,immortal,1435,7831,437,6799,1431730,17.92,210.58,0.83,1.15,,
2168,2639,1234089,3984,immortal,1388,6099,371,6158,1139304,16.44,185.01,0.65,0.99,,
2169,2632,1322270,4121,immortal,1486,7611,442,6876,1414701,17.22,205.74,0.60,1.11,,
2170,2620,1579847,5563,immortal,1830,7286,480,7950,1338316,15.18,168.34,0.70,0.92,,
2171,2612,1478372,4864,immortal,2028,6643,485,7946,1322409,13.70,166.42,0.61,0.84,,
2172,2609,1537836,5950,immortal,1687,8560,493,7990,1606109,17.36,201.01,0.74,1.07,,
2173,2605,1093742,3810,immortal,1264,6263,399,5814,1208225,15.70,207.81,0.66,1.08,,
2174,2595,1354687,4863,immortal,1392,7055,437,6947,1347838,16.14,194.02,0.70,1.02,,
2175,2594,1205777,4958,immortal,1354,5958,355,6136,1128004,16.78,183.83,0.81,0.97,,
2176,2592,1167978,4513,immortal,1431,6214,370,6113,1211294,16.79,198.15,0.74,1.02,,
2177,2589,1310110,5139,immortal,1404,7610,450,6748,1446198,16.91,214.32,0.76,1.13,,
2178,2587,1527489,5104,immortal,1783,7607,484,7608,1399139,15.72,183.90,0.67,1.00,,
2179,2565,1425871,5694,immortal,1677,8201,463,7466,1520070,17.71,203.60,0.76,1.10,,
2180,2553,1309044,4451,immortal,1566,6683,418,6843,1257292,15.99,183.73,0.65,0.98,,
2181,2552,1441853,5505,ascendant,1518,7589,502,7564,1403342,15.12,185.53,0.73,1.00,,
2182,2551,1227369,4508,immortal,1375,6301,357,6234,1156044,17.65,185.44,0.72,1.01,,
2183,2548,1347282,4065,immortal,1526,6710,420,7172,1274810,15.98,177.75,0.57,0.94,,
2184,2545,1066751,3993,immortal,1233,5956,353,5529,1124539,16.87,203.39,0.72,1.08,,
2185,2542,1571435,5592,immortal,1700,7898,463,7813,1496140,17.06,191.49,0.72,1.01,,
2186,2542,1611167,6495,immortal,1954,9195,518,8299,1687189,17.75,203.30,0.78,1.11,,
2187,2537,1699195,7145,immortal,2255,9603,524,9000,1766834,18.33,196.31,0.79,1.07,,
2188,2532,1312268,4816,immortal,1364,7831,428,6734,1439300,18.30,213.74,0.72,1.16,,
2189,2529,1812159,6122,immortal,1476,9423,625,9501,1770819,15.08,186.38,0.64,0.99,,
2190,2529,1504820,5546,immortal,1703,7807,470,7840,1477265,16.61,188.43,0.71,1.00,,
2191,2527,1693505,5375,immortal,1888,9042,545,8867,1679594,16.59,189.42,0.61,1.02,,
2192,2523,1382379,5403,immortal,1698,7436,453,7349,1388384,16.42,188.92,0.74,1.01,,
2193,2520,1484652,4661,immortal,1361,7507,487,7767,1485772,15.41,191.29,0.60,0.97,,
2194,2514,1328886,5526,immortal,1532,7203,454,6877,1339261,15.87,194.74,0.80,1.05,,
2195,2514,1369209,6058,immortal,1680,7653,425,7284,1443738,18.01,198.21,0.83,1.05,,
2196,2510,1557445,6780,immortal,1802,8405,495,8122,1584565,16.98,195.10,0.83,1.03,,
2197,2510,1586852,4435,immortal,1884,8195,486,8356,1504545,16.86,180.06,0.53,0.98,,
2198,2502,1159479,3169,immortal,1384,5783,388,6148,1119166,14.90,182.04,0.52,0.94,,
2199,2496,1322976,5689,immortal,1604,7291,419,7031,1388308,17.40,197.46,0.81,1.04,,
2200,2494,1262562,4155,immortal,1324,6653,413,6631,1270417,16.11,191.59,0.63,1.00,,
2201,2493,1279558,4251,immortal,1376,6197,413,6562,1218512,15.00,185.69,0.65,0.94,,
2202,2480,1038604,3468,immortal,1257,4950,350,5423,926476,14.14,170.84,0.64,0.91,,
2203,2477,1428595,4876,immortal,1749,6942,475,7536,1317472,14.61,174.82,0.65,0.92,,
2204,2472,1296065,5073,immortal,1367,6793,421,6819,1276206,16.14,187.15,0.74,1.00,,
2205,2467,1690885,7824,immortal,2074,9472,535,8844,1750699,17.70,197.95,0.88,1.07,,
2206,2465,1593692,6272,immortal,1788,8224,480,8069,1583231,17.13,196.21,0.78,1.02,,
2207,2462,1404557,4837,immortal,1679,6889,459,7460,1312505,15.01,175.94,0.65,0.92,,
2208,2457,1199366,4170,immortal,1594,6073,372,6391,1143262,16.33,178.89,0.65,0.95,,
2209,2457,1554637,5758,immortal,1463,8759,512,8148,1652301,17.11,202.79,0.71,1.07,,
2210,2444,1377278,5214,immortal,1441,7247,456,7225,1371363,15.89,189.81,0.72,1.00,,
2211,2438,1118948,3975,immortal,1158,6166,367,5789,1163453,16.80,200.98,0.69,1.07,,
2212,2438,1066453,4495,immortal,1365,6103,337,5576,1116325,18.11,200.20,0.81,1.09,,
2213,2435,1055603,4123,immortal,1270,5894,356,5529,1115403,16.56,201.74,0.75,1.07,,
2214,2430,1790885,6901,immortal,2087,9207,542,9379,1718004,16.99,183.18,0.74,0.98,,
2215,2429,1256561,5282,immortal,1574,6746,408,6630,1288030,16.53,194.27,0.80,1.02,,
2216,2419,1522938,6081,ascendant,1439,8734,467,7412,1632540,18.70,220.26,0.82,1.18,,
2217,2418,1530211,5152,immortal,1593,8072,464,7866,1515493,17.40,192.66,0.65,1.03,,
2218,2414,1143921,3839,ascendant,1123,5903,375,5926,1190069,15.74,200.82,0.65,1.00,,
2219,2414,1403999,5915,ascendant,1549,7788,466,7262,1446258,16.71,199.15,0.81,1.07,,
2220,2402,1211441,4230,immortal,1472,6124,381,6300,1154256,16.07,183.22,0.67,0.97,,
2221,2399,1271333,4234,immortal,1543,6410,395,6544,1170491,16.23,178.86,0.65,0.98,,
2222,2396,1637984,8092,immortal,1717,11100,487,8235,2023975,22.79,245.78,0.98,1.35,,
2223,2394,1371646,4611,immortal,1528,7200,463,7209,1374297,15.55,190.64,0.64,1.00,,
2224,2393,1705929,5759,immortal,1947,9272,539,8740,1706986,17.20,195.31,0.66,1.06,,
2225,2390,1378659,5038,immortal,1503,7340,433,7279,1461072,16.95,200.72,0.69,1.01,,
2226,2372,1424085,5493,immortal,1340,7747,500,7408,1486152,15.49,200.61,0.74,1.05,,
2227,2370,1385758,5061,immortal,1587,7539,464,7313,1455832,16.25,199.07,0.69,1.03,,
2228,2368,1355792,4190,immortal,1463,6598,416,6941,1278757,15.86,184.23,0.60,0.95,,
2229,2366,1591022,6091,immortal,1930,8294,507,8334,1534627,16.36,184.14,0.73,1.00,,
2230,2360,1454241,5568,immortal,1830,7184,447,7638,1350297,16.07,176.79,0.73,0.94,,
2231,2359,1577271,6149,immortal,1382,8816,560,8376,1670221,15.74,199.41,0.73,1.05,,
2232,2358,1136589,4439,immortal,1256,6115,359,5905,1148388,17.03,194.48,0.75,1.04,,
2233,2356,1186636,4606,ascendant,1263,6188,365,5868,1151083,16.95,196.16,0.78,1.05,,
2234,2352,1882907,7599,immortal,1914,10542,595,9722,2015715,17.72,207.34,0.78,1.08,,
2235,2352,1003148,3349,immortal,1066,5478,351,5247,1061621,15.61,202.33,0.64,1.04,,
2236,2343,1276404,4448,immortal,1591,6966,419,6694,1324537,16.63,197.87,0.66,1.04,,
2237,2336,1425768,6276,immortal,1652,7667,486,7472,1441064,15.78,192.86,0.84,1.03,,
2238,2324,1653215,6204,immortal,2016,9089,507,8782,1703145,17.93,193.94,0.71,1.03,,
2239,2323,1275273,5349,immortal,1332,7450,450,6736,1418920,16.56,210.65,0.79,1.11,,
2240,2318,1327985,4456,immortal,1468,6810,436,6921,1298729,15.62,187.65,0.64,0.98,,
2241,2306,1329106,4438,immortal,1564,7063,427,7003,1381535,16.54,197.28,0.63,1.01,,
2242,2294,1312586,5400,immortal,1289,8511,442,6785,1572019,19.26,231.69,0.80,1.25,,
2243,2293,1288878,5152,immortal,1479,7159,438,6917,1347821,16.34,194.86,0.74,1.03,,
2244,2292,1570594,6717,immortal,1748,8290,529,8221,1540033,15.67,187.33,0.82,1.01,,
2245,2290,1210632,3566,immortal,1530,5847,393,6147,1105433,14.88,179.83,0.58,0.95,,
2246,2290,1559237,6298,immortal,1797,8323,519,8130,1530453,16.04,188.25,0.77,1.02,,
2247,2289,1140260,5639,immortal,1396,6864,379,5934,1267791,18.11,213.65,0.95,1.16,,
2248,2288,1135367,4646,immortal,1333,6067,371,5816,1148789,16.35,197.52,0.80,1.04,,
2249,2285,952168,3715,immortal,1077,4982,315,5059,948505,15.82,187.49,0.73,0.98,,
2250,2283,1098984,4302,immortal,1253,5650,360,5748,1053226,15.69,183.23,0.75,0.98,,
2251,2276,1090168,3778,immortal,1189,5384,387,5819,1056494,13.91,181.56,0.65,0.93,,
2252,2275,1111790,4324,immortal,1215,6266,382,5743,1179432,16.40,205.37,0.75,1.09,,
2253,2274,1063130,4202,immortal,1013,5872,347,5517,1140679,16.92,206.76,0.76,1.06,,
2254,2269,1248067,5382,immortal,1461,7269,417,6483,1344416,17.43,207.38,0.83,1.12,,
2255,2265,1125836,3918,immortal,1258,5851,380,5862,1110769,15.40,189.49,0.67,1.00,,
2256,2261,1413502,4747,immortal,1791,7425,447,7369,1380100,16.61,187.28,0.64,1.01,,
2257,2259,1178953,4911,immortal,1436,5982,367,6109,1109743,16.30,181.66,0.80,0.98,,
2258,2257,1269903,4257,immortal,1318,6378,426,6624,1236779,14.97,186.71,0.64,0.96,,
2259,2249,963749,3669,immortal,1142,4649,277,4885,896848,16.78,183.59,0.75,0.95,,
2260,2241,903129,3922,immortal,1073,4937,285,4702,898062,17.32,191.00,0.83,1.05,,
2261,2240,1046685,3982,immortal,1293,5727,317,5433,1088560,18.07,200.36,0.73,1.05,,
2262,2234,1351496,4642,immortal,1519,7609,458,7125,1437870,16.61,201.81,0.65,1.07,,
2263,2233,975905,3343,immortal,1126,4683,361,5139,906804,12.97,176.46,0.65,0.91,,
2264,2232,963095,3782,immortal,1193,5045,299,5039,957533,16.87,190.02,0.75,1.00,,
2265,2231,1268777,4322,immortal,1229,5945,439,6778,1120842,13.54,165.36,0.64,0.88,,
2266,2230,1436348,5556,immortal,1547,7557,444,7262,1393225,17.02,191.85,0.77,1.04,,
2267,2228,1255256,4084,immortal,1407,6409,418,6570,1217123,15.33,185.25,0.62,0.98,,
2268,2226,1394912,5224,immortal,1257,7780,489,7256,1464773,15.91,201.87,0.72,1.07,,
2269,2221,1041439,4597,immortal,1105,5685,353,5483,1074251,16.10,195.92,0.84,1.04,,
2270,2219,1403085,5651,immortal,1618,7770,480,7207,1454820,16.19,201.86,0.78,1.08,,
2271,2216,1136634,3075,immortal,1214,5678,376,5908,1072689,15.10,181.57,0.52,0.96,,
2272,2214,1443727,4661,immortal,1676,7449,458,7497,1332450,16.26,177.73,0.62,0.99,,
2273,2210,960288,4126,immortal,1068,5511,343,5031,1051681,16.07,209.04,0.82,1.10,,
2274,2208,1068593,3679,immortal,1226,5708,365,5673,1069769,15.64,188.57,0.65,1.01,,
2275,2208,1161430,4302,immortal,1417,5881,372,5974,1147824,15.81,192.14,0.72,0.98,,
2276,2201,1199619,4832,immortal,1263,6657,387,6318,1241461,17.20,196.50,0.76,1.05,,
2277,2196,1096834,4486,immortal,1170,5795,331,5604,1116887,17.51,199.30,0.80,1.03,,
2278,2196,1107334,3744,ascendant,1194,5777,336,5713,1116891,17.19,195.50,0.66,1.01,,
2279,2195,1408458,4183,immortal,1735,7281,436,7358,1268335,16.70,172.37,0.57,0.99,,
2280,2193,1276281,5140,immortal,1430,6964,416,6755,1283943,16.74,190.07,0.76,1.03,,
2281,2193,986207,4023,immortal,1091,5600,334,5184,1061894,16.77,204.84,0.78,1.08,,
2282,2187,1144463,4432,immortal,1371,6984,397,6053,1334561,17.59,220.48,0.73,1.15,,
2283,2183,1094208,4371,immortal,1221,5814,341,5569,1099577,17.05,197.45,0.78,1.04,,
2284,2183,1103579,4189,immortal,1212,6190,349,5730,1177374,17.74,205.48,0.73,1.08,,
2285,2181,1148954,3771,immortal,1241,5351,378,5985,1049315,14.16,175.32,0.63,0.89,,
2286,2181,1193990,4247,immortal,1453,6319,368,6197,1198667,17.17,193.43,0.69,1.02,,
2287,2177,1259081,4535,immortal,1452,6202,402,6543,1190992,15.43,182.03,0.69,0.95,,
2288,2177,1253900,5735,immortal,1309,7136,446,6735,1354773,16.00,201.15,0.85,1.06,,
2289,2169,1159078,4276,immortal,1428,5656,379,6041,1070728,14.92,177.24,0.71,0.94,,
2290,2164,1330274,4819,immortal,1589,7545,431,6699,1445527,17.51,215.78,0.72,1.13,,
2291,2155,1182049,3800,immortal,1361,5853,386,6140,1118051,15.16,182.09,0.62,0.95,,
2292,2151,1389527,5837,immortal,1434,7884,433,7370,1487066,18.21,201.77,0.79,1.07,,
2293,2151,954148,3630,immortal,1122,4753,328,4952,920278,14.49,185.84,0.73,0.96,,
2294,2149,1166499,5350,immortal,1381,7012,397,6134,1315250,17.66,214.42,0.87,1.14,,
2295,2139,1088756,3957,immortal,1135,5457,348,5692,1051279,15.68,184.69,0.70,0.96,,
2296,2138,1176560,4372,ascendant,1166,6076,350,6026,1139164,17.36,189.04,0.73,1.01,,
2297,2131,998980,5065,immortal,1022,7248,360,5189,1320605,20.13,254.50,0.98,1.40,,
2298,2129,1043010,4705,immortal,1096,6164,358,5485,1160802,17.22,211.63,0.86,1.12,,
2299,2126,1367948,5453,immortal,1568,7275,472,7246,1398535,15.41,193.01,0.75,1.00,,
2300,2125,1146977,4563,immortal,1315,6262,360,5946,1176669,17.39,197.89,0.77,1.05,,
2301,2123,1208658,4265,immortal,1376,5772,377,6276,1134617,15.31,180.79,0.68,0.92,,
2302,2123,1178205,4787,immortal,1424,6404,388,6193,1208971,16.51,195.22,0.77,1.03,,
2303,2122,1243575,4722,immortal,1513,6780,392,5928,1276468,17.30,215.33,0.80,1.14,,
2304,2119,1083500,4285,immortal,1253,6398,361,5591,1209479,17.72,216.33,0.77,1.14,,
2305,2117,995359,3452,immortal,1207,4879,314,5051,950061,15.54,188.09,0.68,0.97,,
2306,2111,1300759,5579,immortal,1365,7214,427,6703,1370553,16.89,204.47,0.83,1.08,,
2307,2104,962977,3941,immortal,1203,5552,332,5080,1056819,16.72,208.04,0.78,1.09,,
2308,2101,1188884,4230,immortal,1281,6309,385,6323,1213285,16.39,191.88,0.67,1.00,,
2309,2098,1275435,5400,immortal,1445,7124,442,6787,1357864,16.12,200.07,0.80,1.05,,
2310,2097,1102522,3416,immortal,1277,5960,355,5745,1140795,16.79,198.57,0.59,1.04,,
2311,2091,1280790,5205,immortal,1332,6686,425,6730,1250145,15.73,185.76,0.77,0.99,,
2312,2089,1044505,3788,immortal,1273,5381,362,5559,1042798,14.86,187.59,0.68,0.97,,
2313,2086,1325902,5526,immortal,1389,7495,441,6830,1434860,17.00,210.08,0.81,1.10,,
2314,2086,963515,4753,immortal,1104,6027,350,5051,1121268,17.22,221.99,0.94,1.19,,
2315,2085,1113906,3680,immortal,1371,5634,358,5930,1048778,15.74,176.86,0.62,0.95,,
2316,2081,1207752,4631,immortal,1315,6683,422,6398,1281292,15.84,200.26,0.72,1.04,,
2317,2078,1185371,4355,immortal,1213,6634,419,6144,1248881,15.83,203.27,0.71,1.08,,
2318,2076,1079559,4072,immortal,1160,5799,332,5651,1074695,17.47,190.18,0.72,1.03,,
2319,2076,1003114,3633,immortal,1065,4773,325,5262,915107,14.69,173.91,0.69,0.91,,
2320,2075,944468,3865,immortal,1001,5608,337,4911,1045843,16.64,212.96,0.79,1.14,,
2321,2072,1169191,3765,immortal,1156,5588,366,6202,1089422,15.27,175.66,0.61,0.90,,
2322,2066,1180761,4304,immortal,1528,5888,386,6244,1138515,15.25,182.34,0.69,0.94,,
2323,2064,1104275,4538,immortal,1018,6331,375,5828,1195660,16.88,205.16,0.78,1.09,,
2324,2062,1113359,4421,immortal,1288,6072,357,5608,1135480,17.01,202.48,0.79,1.08,,
2325,2062,1193497,3510,immortal,1398,5873,370,6277,1137328,15.87,181.19,0.56,0.94,,
2326,2061,1119001,4007,immortal,1313,5343,360,5882,1039963,14.84,176.80,0.68,0.91,,
2327,2057,1195140,4052,immortal,1317,5835,376,6299,1142249,15.52,181.34,0.64,0.93,,
2328,2053,1147297,4496,immortal,1182,6083,375,5992,1140727,16.22,190.38,0.75,1.02,,
2329,2047,946280,3490,immortal,1175,4684,321,4995,893783,14.59,178.94,0.70,0.94,,
2330,2043,1401910,5338,immortal,1553,7191,445,7122,1318031,16.16,185.06,0.75,1.01,,
2331,2041,853836,3737,immortal,1087,4798,292,4557,930285,16.43,204.14,0.82,1.05,,
2332,2039,1148970,4445,immortal,1419,5761,363,5967,1098358,15.87,184.07,0.74,0.97,,
2333,2038,930086,3662,immortal,1054,5486,326,4868,1074671,16.83,220.76,0.75,1.13,,
2334,2037,1225618,4959,immortal,1375,6696,410,6403,1251086,16.33,195.39,0.77,1.05,,
2335,2035,1320320,5082,immortal,1551,6603,405,6823,1228949,16.30,180.12,0.74,0.97,,
2336,2032,1001297,4017,immortal,1303,5789,341,5314,1101499,16.98,207.28,0.76,1.09,,
2337,2031,1301906,7538,immortal,1346,8585,439,6714,1596600,19.56,237.80,1.12,1.28,,
2338,2030,1315953,5451,immortal,1335,7056,428,6879,1327241,16.49,192.94,0.79,1.03,,
2339,2027,1259385,5495,immortal,1494,7576,428,6818,1420553,17.70,208.35,0.81,1.11,,
2340,2025,1215169,4255,immortal,1320,5929,394,6249,1146686,15.05,183.50,0.68,0.95,,
2341,2021,1276505,5135,immortal,1409,6943,429,6771,1281268,16.18,189.23,0.76,1.03,,
2342,2018,1062630,4248,immortal,1151,5709,357,5616,1078637,15.99,192.06,0.76,1.02,,
2343,2017,1047882,3792,immortal,1275,5399,336,5348,1048255,16.07,196.01,0.71,1.01,,
2344,2015,1120404,4463,immortal,1414,6359,356,5865,1186882,17.86,202.37,0.76,1.08,,
2345,2013,1164239,4219,immortal,1275,5979,389,6143,1127938,15.37,183.61,0.69,0.97,,
2346,2013,897357,3158,immortal,871,4873,305,4710,954370,15.98,202.63,0.67,1.03,,
2347,2011,1153936,4769,immortal,1396,6481,371,5927,1214286,17.47,204.87,0.80,1.09,,
2348,2008,1104720,4261,immortal,1268,6178,376,5734,1171124,16.43,204.24,0.74,1.08,,
2349,1995,1213528,4078,immortal,1211,6996,422,6256,1332876,16.58,213.06,0.65,1.12,,
2350,1993,909874,3101,immortal,1014,4645,328,4841,885151,14.16,182.84,0.64,0.96,,
2351,1991,1186775,4420,immortal,1440,6233,378,6267,1178304,16.49,188.02,0.71,0.99,,
2352,1991,1387570,4461,immortal,1681,6859,426,7167,1310053,16.10,182.79,0.62,0.96,,
2353,1990,1122804,3521,immortal,1203,5748,379,5893,1098551,15.17,186.42,0.60,0.98,,
2354,1982,1214139,4962,immortal,1593,6506,388,6402,1240191,16.77,193.72,0.78,1.02,,
2355,1981,1182027,4828,ascendant,1204,6275,386,6174,1195243,16.26,193.59,0.78,1.02,,
2356,1981,1145061,4141,immortal,1314,6179,381,5791,1171260,16.22,202.26,0.72,1.07,,
2357,1979,965229,3232,immortal,1262,4547,286,5132,884580,15.90,172.37,0.63,0.89,,
2358,1975,1033278,3671,immortal,1197,5495,352,5402,1044284,15.61,193.31,0.68,1.02,,
2359,1975,1038528,4409,immortal,1415,5663,317,5393,1047166,17.86,194.17,0.82,1.05,,
2360,1973,1108869,4107,immortal,1229,5921,345,5690,1134945,17.16,199.46,0.72,1.04,,
2361,1966,1181719,4724,immortal,1203,6320,402,6217,1202278,15.72,193.39,0.76,1.02,,
2362,1966,1059552,4626,immortal,1233,6221,337,5474,1136378,18.46,207.60,0.85,1.14,,
2363,1962,1113621,4265,immortal,1418,6128,373,5812,1159599,16.43,199.52,0.73,1.05,,
2364,1959,1236821,4915,immortal,1431,7547,417,6502,1342152,18.10,206.42,0.76,1.16,,
2365,1954,1325204,4782,immortal,1603,6293,402,6888,1161992,15.65,168.70,0.69,0.91,,
2366,1954,1141272,4718,immortal,1243,6674,392,5987,1267451,17.03,211.70,0.79,1.11,,
2367,1952,1070320,4481,immortal,1277,5973,361,5654,1124099,16.55,198.81,0.79,1.06,,
2368,1952,1088501,3784,immortal,1185,5889,377,5785,1120493,15.62,193.69,0.65,1.02,,
2369,1946,1123454,4933,immortal,1094,6536,377,5784,1225213,17.34,211.83,0.85,1.13,,
2370,1945,1636984,7991,immortal,1773,9453,495,8391,1781241,19.10,212.28,0.95,1.13,,
2371,1940,1197062,5111,immortal,1496,6831,364,6221,1286471,18.77,206.79,0.82,1.10,,
2372,1939,1234685,4747,immortal,1193,6576,403,6237,1279772,16.32,205.19,0.76,1.05,,
2373,1938,1219270,4133,immortal,1434,5730,371,6411,1090058,15.44,170.03,0.64,0.89,,
2374,1937,929118,3848,immortal,1079,4855,315,4761,919495,15.41,193.13,0.81,1.02,,
2375,1935,1138149,4586,immortal,1381,6274,351,5931,1183736,17.87,199.58,0.77,1.06,,
2376,1933,1043973,4602,immortal,1307,6449,370,5573,1181318,17.43,211.97,0.83,1.16,,
2377,1933,1092228,3395,immortal,1056,6246,370,5439,1193739,16.88,219.48,0.62,1.15,,
2378,1932,1432117,5920,immortal,1768,7751,463,7633,1437191,16.74,188.29,0.78,1.02,,
2379,1931,942184,3088,immortal,1365,4652,294,4937,904918,15.82,183.29,0.63,0.94,,
2380,1927,992997,4008,immortal,977,5584,361,5255,1066927,15.47,203.03,0.76,1.06,,
2381,1924,1095339,5597,immortal,1285,7211,368,5707,1355503,19.60,237.52,0.98,1.26,,
2382,1922,1331406,5899,immortal,1401,7627,432,6895,1398871,17.66,202.88,0.86,1.11,,
2383,1919,1124237,4520,immortal,1185,6092,346,5489,1149212,17.61,209.37,0.82,1.11,,
2384,1919,916050,3142,immortal,1047,4549,332,4913,882366,13.70,179.60,0.64,0.93,,
2385,1918,1205899,4874,immortal,1232,6940,413,6300,1304347,16.80,207.04,0.77,1.10,,
2386,1917,1126927,5353,immortal,1233,7091,377,5934,1329587,18.81,224.06,0.90,1.19,,
2387,1916,1048176,4230,immortal,1281,5797,356,5553,1084290,16.28,195.26,0.76,1.04,,
2388,1911,1243400,4988,immortal,1459,6737,374,6328,1303173,18.01,205.94,0.79,1.06,,
2389,1898,903119,3556,immortal,963,4809,309,4676,931849,15.56,199.28,0.76,1.03,,
2390,1895,1235515,5398,immortal,1473,6857,405,6549,1274849,16.93,194.66,0.82,1.05,,
2391,1895,1173526,3888,immortal,1235,6335,377,6189,1183258,16.80,191.19,0.63,1.02,,
2392,1893,1117458,4012,immortal,1128,6176,371,5744,1189888,16.65,207.15,0.70,1.08,,
2393,1891,1385608,5905,immortal,1432,8270,450,6937,1523073,18.38,219.56,0.85,1.19,,
2394,1889,1219788,4638,immortal,1321,6422,389,6500,1196995,16.51,184.15,0.71,0.99,,
2395,1886,978985,4045,immortal,1151,5571,327,5137,1046548,17.04,203.73,0.79,1.08,,
2396,1882,906638,3124,immortal,1075,4748,300,4752,886018,15.83,186.45,0.66,1.00,,
2397,1882,864312,3221,immortal,911,4846,318,4695,936392,15.24,199.44,0.69,1.03,,
2398,1881,1170980,5147,immortal,1264,6819,401,6190,1235468,17.00,199.59,0.83,1.10,,
2399,1880,1007325,3969,immortal,1212,4950,354,5391,946030,13.98,175.48,0.74,0.92,,
2400,1877,949201,3478,immortal,1068,4981,309,5022,954779,16.12,190.12,0.69,0.99,,
2401,1877,1155801,4894,immortal,1347,6226,368,6153,1161983,16.92,188.85,0.80,1.01,,
2402,1876,968792,3495,immortal,1091,5031,334,5095,932902,15.06,183.10,0.69,0.99,,
2403,1875,1212720,5016,immortal,1399,6968,378,6213,1255314,18.43,202.05,0.81,1.12,,
2404,1875,1178223,4963,immortal,1328,6524,370,6021,1209248,17.63,200.84,0.82,1.08,,
2405,1874,858772,3362,immortal,947,4711,286,4463,907046,16.47,203.24,0.75,1.06,,
2406,1873,1304284,5115,immortal,1314,6979,424,6683,1294674,16.46,193.73,0.77,1.04,,
2407,1871,1074335,4013,immortal,1298,5599,372,5695,1070654,15.05,188.00,0.70,0.98,,
2408,1870,1020957,3934,ascendant,1125,5642,335,5407,1067688,16.84,197.46,0.73,1.04,,
2409,1870,938657,3265,immortal,939,5056,323,4896,941059,15.65,192.21,0.67,1.03,,
2410,1868,982616,3650,immortal,1196,5071,275,4939,942331,18.44,190.79,0.74,1.03,,
2411,1865,950027,3518,immortal,977,5504,351,4957,1042592,15.68,210.33,0.71,1.11,,
2412,1864,980129,4028,immortal,1071,5821,333,5095,1068572,17.48,209.73,0.79,1.14,,
2413,1863,1077661,4307,immortal,1411,6024,337,5694,1105538,17.88,194.16,0.76,1.06,,
2414,1860,1384772,5329,immortal,1515,7076,444,7343,1326148,15.94,180.60,0.73,0.96,,
2415,1859,1031129,3899,immortal,1123,5849,342,5389,1092401,17.10,202.71,0.72,1.09,,
2416,1858,1051223,4047,immortal,1137,5645,333,5440,1063930,16.95,195.58,0.74,1.04,,
2417,1858,1187917,3697,immortal,1427,6304,387,6233,1188843,16.29,190.73,0.59,1.01,,
2418,1857,1162493,4428,immortal,1375,5806,384,6047,1129441,15.12,186.78,0.73,0.96,,
2419,1857,1236288,6261,immortal,1234,7864,414,6419,1472551,19.00,229.41,0.98,1.23,,
2420,1855,1037788,3355,immortal,1070,6069,366,5301,1158864,16.58,218.61,0.63,1.14,,
2421,1855,1200852,5224,immortal,1331,6833,400,6343,1255965,17.08,198.01,0.82,1.08,,
2422,1848,1112915,3756,immortal,1138,5505,362,5652,1046278,15.21,185.12,0.66,0.97,,
2423,1847,1084220,3986,immortal,1296,5732,363,5751,1055555,15.79,183.54,0.69,1.00,,
2424,1846,1052765,4389,immortal,1141,6329,352,5498,1218215,17.98,221.57,0.80,1.15,,
2425,1844,913666,3473,immortal,1005,4978,308,4831,943333,16.16,195.27,0.72,1.03,,
2426,1838,1069470,3754,immortal,1165,5588,366,5706,1095880,15.27,192.06,0.66,0.98,,
2427,1838,1356997,5308,ascendant,1405,6868,416,7017,1283449,16.51,182.91,0.76,0.98,,
2428,1834,906634,3397,immortal,935,4643,301,4654,909322,15.43,195.39,0.73,1.00,,
2429,1828,970712,4103,immortal,1141,5608,299,5045,1058494,18.76,209.81,0.81,1.11,,
2430,1826,1363989,6294,immortal,1497,7766,438,7326,1454374,17.73,198.52,0.86,1.06,,
2431,1826,1082401,4144,immortal,1064,5980,347,5578,1125348,17.23,201.75,0.74,1.07,,
2432,1825,1266350,3950,immortal,1519,6742,392,6588,1251545,17.20,189.97,0.60,1.02,,
2433,1824,1047911,4496,immortal,1208,6257,342,5434,1142014,18.30,210.16,0.83,1.15,,
2434,1823,1175563,4222,immortal,1356,5993,359,6228,1130948,16.69,181.59,0.68,0.96,,
2435,1822,1308620,5382,immortal,1460,7161,427,6864,1387328,16.77,202.12,0.78,1.04,,
2436,1821,1009971,3449,immortal,1155,4888,308,5127,928090,15.87,181.02,0.67,0.95,,
2437,1820,947966,3574,immortal,1125,5071,317,4960,942836,16.00,190.09,0.72,1.02,,
2438,1817,856765,3438,immortal,916,4792,300,4470,922420,15.97,206.36,0.77,1.07,,
2439,1817,1188578,3918,immortal,1266,5940,383,6212,1120512,15.51,180.38,0.63,0.96,,
2440,1810,915187,4113,immortal,1070,5008,299,4817,946974,16.75,196.59,0.85,1.04,,
2441,1809,1096220,3599,immortal,1346,5612,345,5580,1048920,16.27,187.98,0.64,1.01,,
2442,1808,1221029,5119,immortal,1334,6498,389,6171,1207823,16.70,195.73,0.83,1.05,,
2443,1806,1212908,6051,immortal,1315,7497,372,6360,1384026,20.15,217.61,0.95,1.18,,
2444,1804,1011248,4031,immortal,1224,6005,325,5339,1113772,18.48,208.61,0.76,1.12,,
2445,1802,1070089,4333,immortal,1184,5907,379,5740,1117300,15.59,194.65,0.75,1.03,,
2446,1799,960131,3865,immortal,1013,5673,323,5007,1063215,17.56,212.35,0.77,1.13,,
2447,1793,1289807,5568,immortal,1502,7047,401,6655,1296826,17.57,194.86,0.84,1.06,,
2448,1786,1187910,4506,immortal,1319,6149,358,5861,1198727,17.18,204.53,0.77,1.05,,
2449,1785,1176980,3869,immortal,1615,5827,381,6123,1112045,15.29,181.62,0.63,0.95,,
2450,1785,1130216,3824,immortal,1469,5494,342,5898,1054623,16.06,178.81,0.65,0.93,,
2451,1784,1046428,5119,immortal,1046,6353,339,5307,1197571,18.74,225.66,0.96,1.20,,
2452,1782,1154814,4212,ascendant,1272,7122,395,6054,1320501,18.03,218.12,0.70,1.18,,
2453,1781,1004121,4363,immortal,1206,5710,335,5256,1063052,17.04,202.25,0.83,1.09,,
2454,1779,1071653,4662,immortal,1272,6119,339,5609,1159252,18.05,206.68,0.83,1.09,,
2455,1777,1020277,4135,immortal,1184,5722,334,5306,1069064,17.13,201.48,0.78,1.08,,
2456,1775,1214050,4966,immortal,1327,6623,356,6238,1249359,18.60,200.28,0.80,1.06,,
2457,1773,978508,3777,immortal,1149,4873,317,5127,920193,15.37,179.48,0.74,0.95,,
2458,1773,848059,3166,immortal,761,4788,314,4490,908873,15.25,202.42,0.71,1.07,,
2459,1771,1068041,4004,immortal,1175,5611,349,5574,1069753,16.08,191.92,0.72,1.01,,
2460,1769,1264821,4830,immortal,1349,6674,406,6825,1262912,16.44,185.04,0.71,0.98,,
2461,1768,918650,3528,immortal,1126,4670,296,4710,896484,15.78,190.34,0.75,0.99,,
2462,1761,1042649,4191,immortal,1187,5783,359,5464,1084814,16.11,198.54,0.77,1.06,,
2463,1760,861449,3772,immortal,868,4791,310,4526,907071,15.45,200.41,0.83,1.06,,
2464,1760,952356,4214,immortal,1011,5441,322,4987,1040833,16.90,208.71,0.84,1.09,,
2465,1757,1081175,3481,immortal,1255,5853,347,5484,1117928,16.87,203.85,0.63,1.07,,
2466,1757,951627,3434,immortal,959,4988,313,5069,940738,15.94,185.59,0.68,0.98,,
2467,1755,904126,3524,immortal,858,4877,319,4902,917754,15.29,187.22,0.72,0.99,,
2468,1754,1010178,5146,immortal,1330,6944,307,5145,1302704,22.62,253.20,1.00,1.35,,
2469,1754,1052471,4380,immortal,1238,5935,343,5492,1140936,17.30,207.75,0.80,1.08,,
2470,1753,1333177,5518,immortal,1746,7290,414,6981,1367203,17.61,195.85,0.79,1.04,,
2471,1751,926040,3708,immortal,976,5101,312,4704,952508,16.35,202.49,0.79,1.08,,
2472,1751,1089497,3933,immortal,1344,5687,355,5649,1077993,16.02,190.83,0.70,1.01,,
2473,1746,920315,3464,immortal,1050,4764,285,4876,903690,16.72,185.33,0.71,0.98,,
2474,1745,1118283,3611,immortal,1273,6297,354,5646,1102684,17.79,195.30,0.64,1.12,,
2475,1743,942911,3566,immortal,1179,4789,306,5004,932215,15.65,186.29,0.71,0.96,,
2476,1739,957399,3529,immortal,1085,5035,314,5102,918964,16.04,180.12,0.69,0.99,,
2477,1736,1124881,3565,immortal,1304,5592,355,6070,1106395,15.75,182.27,0.59,0.92,,
2478,1736,1171534,4249,immortal,1243,6415,386,6230,1214126,16.62,194.88,0.68,1.03,,
2479,1735,1171249,4483,immortal,1298,5791,363,5915,1068691,15.95,180.67,0.76,0.98,,
2480,1735,1419536,6738,immortal,1408,8049,491,7465,1531217,16.39,205.12,0.90,1.08,,
2481,1735,851466,3811,immortal,909,5083,295,4408,939245,17.23,213.08,0.86,1.15,,
2482,1733,1069939,3876,immortal,1181,5798,339,5625,1121260,17.10,199.34,0.69,1.03,,
2483,1732,1090473,3883,immortal,1069,5899,364,5627,1110922,16.21,197.43,0.69,1.05,,
2484,1732,857014,3393,immortal,941,4579,282,4382,898840,16.24,205.12,0.77,1.04,,
2485,1731,862820,3151,immortal,809,4579,324,4631,896625,14.13,193.61,0.68,0.99,,
2486,1731,1007700,3845,immortal,1184,5549,322,5291,1063135,17.23,200.93,0.73,1.05,,
2487,1727,955131,3380,immortal,1028,4823,301,4921,914645,16.02,185.87,0.69,0.98,,
2488,1727,1167709,4417,immortal,1325,6042,368,6170,1117495,16.42,181.12,0.72,0.98,,
2489,1719,1119556,5210,immortal,1266,6523,364,5681,1209670,17.92,212.93,0.92,1.15,,
2490,1717,975366,3530,immortal,1221,4793,308,5136,914005,15.56,177.96,0.69,0.93,,
2491,1715,932565,3524,immortal,1161,5040,301,4863,950655,16.74,195.49,0.72,1.04,,
2492,1710,1119308,4694,immortal,1449,6481,351,5789,1202747,18.46,207.76,0.81,1.12,,
2493,1709,1374075,6846,immortal,1489,8274,430,6970,1551569,19.24,222.61,0.98,1.19,,
2494,1709,931979,3370,immortal,1027,5576,304,4763,1062184,18.34,223.01,0.71,1.17,,
2495,1709,957870,4241,immortal,1012,5562,334,5062,1046590,16.65,206.75,0.84,1.10,,
2496,1708,1102877,4565,immortal,1005,6064,346,5618,1156756,17.53,205.90,0.81,1.08,,
2497,1708,939876,3983,immortal,972,5697,324,4816,1082675,17.58,224.81,0.83,1.18,,
2498,1707,1062190,4333,immortal,1069,5818,330,5557,1097196,17.63,197.44,0.78,1.05,,
2499,1704,931747,3944,immortal,1022,5771,300,4732,1046742,19.24,221.20,0.83,1.22,,
2500,1704,1168305,4756,immortal,1323,6418,374,6144,1212873,17.16,197.41,0.77,1.04,,
2501,1696,936356,3454,immortal,1083,4849,321,4888,928560,15.11,189.97,0.71,0.99,,
2502,1696,1111881,4047,immortal,1279,5772,379,5959,1079671,15.23,181.18,0.68,0.97,,
2503,1695,1017790,4552,immortal,1153,5756,354,5275,1084539,16.26,205.60,0.86,1.09,,
2504,1694,1062289,4209,immortal,1105,5985,363,5611,1123018,16.49,200.15,0.75,1.07,,
2505,1692,1075932,5333,immortal,1207,6373,364,5603,1184814,17.51,211.46,0.95,1.14,,
2506,1688,902419,3536,immortal,790,5059,330,4703,940270,15.33,199.93,0.75,1.08,,
2507,1688,1076237,4726,immortal,1225,5865,342,5658,1102654,17.15,194.88,0.84,1.04,,
2508,1681,903420,3176,immortal,1081,4803,277,4648,915716,17.34,197.01,0.68,1.03,,
2509,1679,1069991,5971,immortal,1322,7464,357,5585,1337959,20.91,239.56,1.07,1.34,,
2510,1678,993910,4470,immortal,991,5722,318,5188,1076766,17.99,207.55,0.86,1.10,,
2511,1677,901717,3280,immortal,947,4679,278,4469,895740,16.83,200.43,0.73,1.05,,
2512,1674,1092567,3899,immortal,1389,5787,359,5834,1087966,16.12,186.49,0.67,0.99,,
2513,1670,920524,3241,immortal,1073,4756,298,4778,910419,15.96,190.54,0.68,1.00,,
2514,1669,1093342,3440,immortal,1231,4910,327,5424,926133,15.02,170.75,0.63,0.91,,
2515,1668,956098,4295,immortal,1119,5468,303,4883,1059059,18.05,216.89,0.88,1.12,,
2516,1666,1037500,4082,immortal,1066,5758,343,5431,1104073,16.79,203.29,0.75,1.06,,
2517,1665,1067027,4566,immortal,1307,6143,349,5641,1147916,17.60,203.50,0.81,1.09,,
2518,1661,1098466,4518,ascendant,1354,5909,353,5676,1109277,16.74,195.43,0.80,1.04,,
2519,1661,855748,3599,immortal,856,4795,304,4573,902308,15.77,197.31,0.79,1.05,,
2520,1660,999553,3687,immortal,1065,5037,327,5153,940603,15.40,182.54,0.72,0.98,,
2521,1655,927343,4499,immortal,1018,5956,321,4820,1102097,18.55,228.65,0.93,1.24,,
2522,1654,956156,3543,immortal,1085,5030,321,5073,915680,15.67,180.50,0.70,0.99,,
2523,1650,967631,3441,immortal,1295,5177,308,4963,946242,16.81,190.66,0.69,1.04,,
2524,1649,942909,3831,immortal,1020,4971,323,4978,931071,15.39,187.04,0.77,1.00,,
2525,1648,955225,4667,immortal,1032,6498,331,4880,1218137,19.63,249.62,0.96,1.33,,
2526,1646,1119928,4136,immortal,1160,5927,381,5723,1094270,15.56,191.21,0.72,1.04,,
2527,1645,897998,3251,immortal,887,4841,299,4498,889094,16.19,197.66,0.72,1.08,,
2528,1643,1242421,5163,immortal,1172,6956,401,6291,1301237,17.35,206.84,0.82,1.11,,
2529,1643,1038566,4226,immortal,1170,5737,349,5509,1062136,16.44,192.80,0.77,1.04,,
2530,1640,1108693,4881,immortal,1293,6087,351,5785,1130374,17.34,195.40,0.84,1.05,,
2531,1638,1165989,4616,immortal,1307,6215,363,6016,1151673,17.12,191.44,0.77,1.03,,
2532,1638,916521,3264,immortal,1135,4620,291,4724,896948,15.88,189.87,0.69,0.98,,
2533,1637,1299826,5890,immortal,1564,7107,416,6849,1367132,17.08,199.61,0.86,1.04,,
2534,1636,943910,3759,immortal,866,4906,332,4978,919690,14.78,184.75,0.76,0.99,,
2535,1634,1165578,5034,ascendant,1184,7189,380,6129,1308746,18.92,213.53,0.82,1.17,,
2536,1633,945837,3870,immortal,1182,5595,294,4921,1057107,19.03,214.82,0.79,1.14,,
2537,1633,1092303,5228,immortal,1398,6530,352,5582,1241905,18.55,222.48,0.94,1.17,,
2538,1625,998287,5229,immortal,1222,6609,327,5187,1219575,20.21,235.12,1.01,1.27,,
2539,1624,944164,3523,immortal,1078,4842,313,4850,920404,15.47,189.77,0.73,1.00,,
2540,1623,1091562,4357,immortal,1156,6003,345,5582,1149228,17.40,205.88,0.78,1.08,,
2541,1622,1195758,5325,immortal,1389,6767,378,6366,1278351,17.90,200.81,0.84,1.06,,
2542,1621,987318,3535,immortal,1018,4932,304,5110,936760,16.22,183.32,0.69,0.97,,
2543,1620,903111,4655,immortal,952,5651,337,4752,1066417,16.77,224.41,0.98,1.19,,
2544,1618,1129456,3452,immortal,1140,6110,359,5773,1154997,17.02,200.07,0.60,1.06,,
2545,1618,1036088,4438,immortal,1209,5944,366,5547,1087958,16.24,196.13,0.80,1.07,,
2546,1616,1058935,4551,immortal,1080,5970,362,5582,1119618,16.49,200.58,0.82,1.07,,
2547,1614,1021616,3545,immortal,1231,5003,334,5385,920865,14.98,171.01,0.66,0.93,,
2548,1611,1066071,3681,immortal,945,5706,330,5324,1055870,17.29,198.32,0.69,1.07,,
2549,1610,1084286,5012,immortal,1089,6381,344,5364,1203486,18.55,224.36,0.93,1.19,,
2550,1606,996701,4591,immortal,1211,6013,315,5064,1145348,19.09,226.17,0.91,1.19,,
2551,1604,966556,3421,immortal,1061,4957,316,5184,937906,15.69,180.92,0.66,0.96,,
2552,1598,1104107,4495,immortal,1143,6525,374,5843,1230364,17.45,210.57,0.77,1.12,,
2553,1596,1079535,4987,immortal,1311,6119,312,5648,1142360,19.61,202.26,0.88,1.08,,
2554,1582,970941,3588,immortal,1108,5599,324,4867,1055865,17.28,216.94,0.74,1.15,,
2555,1579,914565,3747,immortal,881,5147,282,4672,935502,18.25,200.24,0.80,1.10,,
2556,1578,1019024,4953,immortal,1258,6259,336,5382,1152968,18.63,214.23,0.92,1.16,,
2557,1576,966110,3839,immortal,1106,5121,306,4957,954862,16.74,192.63,0.77,1.03,,
2558,1574,1091611,4745,immortal,1213,7034,372,5649,1291506,18.91,228.63,0.84,1.25,,
2559,1570,865102,3654,immortal,977,4833,264,4514,898944,18.31,199.15,0.81,1.07,,
2560,1570,1047751,4611,immortal,1020,6327,358,5474,1178163,17.67,215.23,0.84,1.16,,
2561,1569,1085499,4272,immortal,1265,6048,337,5782,1148808,17.95,198.69,0.74,1.05,,
2562,1568,1088252,3907,immortal,1039,6052,360,5559,1151783,16.81,207.19,0.70,1.09,,
2563,1567,950739,3943,immortal,1123,5647,312,4895,1072540,18.10,219.11,0.81,1.15,,
2564,1565,953448,4406,immortal,1130,5740,302,5050,1078508,19.01,213.57,0.87,1.14,,
2565,1561,905129,3803,immortal,1235,5007,300,4810,932357,16.69,193.84,0.79,1.04,,
2566,1561,1258465,5145,immortal,1227,6575,421,6579,1232948,15.62,187.41,0.78,1.00,,
2567,1560,1136441,3891,immortal,1178,5720,384,6030,1080226,14.90,179.14,0.65,0.95,,
2568,1555,864511,4216,immortal,1106,5737,297,4468,1062820,19.32,237.87,0.94,1.28,,
2569,1555,982695,3511,immortal,1214,5196,297,5038,943526,17.49,187.28,0.70,1.03,,
2570,1549,966678,3372,immortal,1085,5715,315,5046,1049198,18.14,207.93,0.67,1.13,,
2571,1548,1030228,3964,immortal,1161,5951,339,5473,1098300,17.55,200.68,0.72,1.09,,
2572,1548,1200609,5681,immortal,1182,7470,393,6355,1362338,19.01,214.37,0.89,1.18,,
2573,1546,850763,3328,immortal,910,4906,258,4411,905420,19.02,205.26,0.75,1.11,,
2574,1544,970768,3185,immortal,1245,4878,303,4932,893360,16.10,181.14,0.65,0.99,,
2575,1540,1143749,4913,immortal,1103,5985,354,5836,1130587,16.91,193.73,0.84,1.03,,
2576,1537,985716,4708,immortal,1176,5765,344,5319,1072959,16.76,201.72,0.89,1.08,,
2577,1536,867625,3447,immortal,1021,4628,289,4499,893331,16.01,198.56,0.77,1.03,,
2578,1535,1359610,4837,ascendant,1513,6953,428,7317,1261778,16.25,172.44,0.66,0.95,,
2579,1535,855031,3819,immortal,765,5126,284,4423,954965,18.05,215.91,0.86,1.16,,
2580,1534,956607,3820,immortal,1126,5209,295,4826,950261,17.66,196.90,0.79,1.08,,
2581,1533,1016266,4112,immortal,1211,5538,317,5139,1042781,17.47,202.92,0.80,1.08,,
2582,1529,856902,3497,immortal,1041,4820,269,4451,930445,17.92,209.04,0.79,1.08,,
2583,1527,912876,3661,immortal,1121,4999,298,4888,929235,16.78,190.11,0.75,1.02,,
2584,1526,1257446,5324,immortal,1307,7223,420,6725,1299237,17.20,193.20,0.79,1.07,,
2585,1524,1009534,3808,immortal,1224,5933,344,5209,1100697,17.25,211.31,0.73,1.14,,
2586,1524,1390460,4263,immortal,950,9469,526,6929,1675662,18.00,241.83,0.62,1.37,,
2587,1521,1120091,6510,immortal,1381,7565,368,5724,1381201,20.56,241.30,1.14,1.32,,
2588,1520,985769,3582,immortal,1237,6192,311,5177,1074297,19.91,207.51,0.69,1.20,,
2589,1509,966210,4010,immortal,1074,5172,309,4842,941584,16.74,194.46,0.83,1.07,,
2590,1507,940196,3640,immortal,1103,4934,274,4820,931957,18.01,193.35,0.76,1.02,,
2591,1506,932296,4358,immortal,1098,5664,309,4743,1053860,18.33,222.19,0.92,1.19,,
2592,1504,1066323,3972,immortal,1239,5823,321,5465,1058648,18.14,193.71,0.73,1.07,,
2593,1504,1408339,8118,immortal,1431,9056,498,7455,1657756,18.18,222.37,1.09,1.21,,
2594,1503,925515,3164,immortal,1038,4781,297,4873,922002,16.10,189.21,0.65,0.98,,
2595,1501,1128733,4309,immortal,1199,6016,368,5893,1109781,16.35,188.32,0.73,1.02,,
2596,1500,912326,3733,immortal,1028,5037,275,4802,931556,18.32,193.99,0.78,1.05,,
2597,1500,1028695,5177,immortal,1038,6216,356,5379,1191976,17.46,221.60,0.96,1.16,,
2598,1499,1003884,4170,immortal,1184,6057,331,5095,1146715,18.30,225.07,0.82,1.19,,
2599,1497,986638,4908,immortal,976,5876,313,5097,1096548,18.77,215.14,0.96,1.15,,
2600,1496,1331669,5747,immortal,1704,6979,422,7061,1301207,16.54,184.28,0.81,0.99,,
2601,1491,1046644,4168,immortal,971,5850,338,5112,1082846,17.31,211.82,0.82,1.14,,
2602,1486,1008816,4276,immortal,1045,5593,334,5296,1047013,16.75,197.70,0.81,1.06,,
2603,1485,956275,3687,immortal,1096,4999,323,5080,946002,15.48,186.22,0.73,0.98,,
2604,1481,925878,4101,immortal,1034,5160,271,4785,935949,19.04,195.60,0.86,1.08,,
2605,1481,932295,4376,immortal,1057,5695,311,4879,1045414,18.31,214.27,0.90,1.17,,
2606,1480,917236,3213,immortal,848,4928,289,4761,923459,17.05,193.96,0.67,1.04,,
2607,1479,1152790,5585,immortal,1272,7020,376,6125,1334512,18.67,217.88,0.91,1.15,,
2608,1475,1225804,4812,immortal,1286,6555,414,6439,1209774,15.83,187.88,0.75,1.02,,
2609,1469,927238,3881,immortal,1028,4613,293,4550,884445,15.74,194.38,0.85,1.01,,
2610,1462,904296,3195,immortal,1050,4835,296,4790,911602,16.33,190.31,0.67,1.01,,
2611,1461,948415,4177,immortal,909,5978,326,4927,1106611,18.34,224.60,0.85,1.21,,
2612,1459,924458,4056,immortal,1025,4935,306,4814,920997,16.13,191.32,0.84,1.03,,
2613,1459,938699,3531,immortal,1131,5023,286,4914,905911,17.56,184.35,0.72,1.02,,
2614,1458,1137719,5225,immortal,1505,6936,354,5978,1307179,19.59,218.66,0.87,1.16,,
2615,1454,927757,4045,immortal,1120,5022,308,4954,912298,16.31,184.15,0.82,1.01,,
2616,1452,915943,3507,immortal,1065,4647,318,4863,877997,14.61,180.55,0.72,0.96,,
2617,1450,1045848,3862,immortal,1147,5907,350,5524,1055517,16.88,191.08,0.70,1.07,,
2618,1444,856298,3184,immortal,922,4891,303,4428,925172,16.14,208.94,0.72,1.10,,
2619,1442,1101380,6360,immortal,1008,7221,389,5772,1335842,18.56,231.43,1.10,1.25,,
2620,1442,1003110,4217,ascendant,919,5702,322,5306,1071151,17.71,201.88,0.79,1.07,,
2621,1434,1137407,4882,immortal,1134,6713,386,5970,1262789,17.39,211.52,0.82,1.12,,
2622,1429,1075011,4600,immortal,1239,5989,350,5597,1101145,17.11,196.74,0.82,1.07,,
2623,1429,1001714,4576,immortal,1088,6256,325,5163,1143549,19.25,221.49,0.89,1.21,,
2624,1426,922137,4360,immortal,953,5818,312,4876,1068762,18.65,219.19,0.89,1.19,,
2625,1424,1033290,5259,immortal,1086,6622,352,5428,1219308,18.81,224.63,0.97,1.22,,
2626,1422,849739,3605,immortal,835,4855,297,4397,910303,16.35,207.03,0.82,1.10,,
2627,1420,979204,4418,immortal,1195,5777,318,5049,1086802,18.17,215.25,0.88,1.14,,
2628,1417,999931,4036,immortal,1114,6110,319,5041,1144470,19.15,227.03,0.80,1.21,,
2629,1411,974133,3877,immortal,1187,5613,314,5148,1052169,17.88,204.38,0.75,1.09,,
2630,1407,971164,4543,immortal,1166,6360,318,4977,1182159,20.00,237.52,0.91,1.28,,
2631,1406,926281,3327,immortal,1093,4813,305,4887,897455,15.78,183.64,0.68,0.98,,
2632,1403,985286,4777,immortal,1106,6251,355,5291,1155931,17.61,218.47,0.90,1.18,,
2633,1400,1050565,3970,immortal,1282,5681,314,5496,1055428,18.09,192.04,0.72,1.03,,
2634,1398,1056313,4450,immortal,1255,5757,343,5588,1086637,16.78,194.46,0.80,1.03,,
2635,1397,1061880,3659,immortal,981,5978,361,5623,1099839,16.56,195.60,0.65,1.06,,
2636,1397,921894,3758,immortal,956,4937,307,4730,900548,16.08,190.39,0.79,1.04,,
2637,1395,1063762,4561,immortal,1004,6793,333,5441,1269703,20.40,233.36,0.84,1.25,,
2638,1394,978655,4319,immortal,982,5963,318,5031,1108249,18.75,220.28,0.86,1.19,,
2639,1393,1212915,5028,immortal,1501,6865,377,6285,1249466,18.21,198.80,0.80,1.09,,
2640,1391,938043,3758,immortal,1126,4841,291,4741,947389,16.64,199.83,0.79,1.02,,
2641,1388,864208,3573,immortal,1052,4741,279,4567,899974,16.99,197.06,0.78,1.04,,
2642,1386,1338279,5879,immortal,1553,6724,418,7063,1247248,16.09,176.59,0.83,0.95,,
2643,1379,899661,3155,immortal,1014,4757,271,4691,927324,17.55,197.68,0.67,1.01,,
2644,1376,950143,4121,immortal,1134,5832,315,4988,1099301,18.51,220.39,0.83,1.17,,
2645,1376,940581,4181,immortal,976,5719,306,4889,1063392,18.69,217.51,0.86,1.17,,
2646,1373,949788,3747,immortal,1201,5192,314,4927,952217,16.54,193.27,0.76,1.05,,
2647,1370,1055412,4423,immortal,1077,6101,350,5591,1146987,17.43,205.15,0.79,1.09,,
2648,1369,910006,3363,immortal,924,4970,278,4725,909056,17.88,192.39,0.71,1.05,,
2649,1367,957425,3874,immortal,1105,5732,337,5104,1071656,17.01,209.96,0.76,1.12,,
2650,1365,865418,3699,immortal,891,4829,293,4389,906099,16.48,206.45,0.84,1.10,,
2651,1363,1024153,4180,ascendant,1136,6062,328,5391,1136387,18.48,210.79,0.78,1.12,,
2652,1355,919783,4612,immortal,1083,5583,303,4968,1048613,18.43,211.07,0.93,1.12,,
2653,1352,995723,5457,immortal,988,6502,339,5326,1254299,19.18,235.50,1.02,1.22,,
2654,1340,1227710,5120,immortal,1454,6834,387,6516,1280597,17.66,196.53,0.79,1.05,,
2655,1335,990311,3759,immortal,991,5572,325,5141,1039582,17.14,202.21,0.73,1.08,,
2656,1332,1062482,5451,immortal,1050,6236,347,5639,1147794,17.97,203.55,0.97,1.11,,
2657,1331,1051313,5031,immortal,1108,6403,353,5415,1230142,18.14,227.17,0.93,1.18,,
2658,1331,1277874,6315,immortal,1157,9064,434,6461,1651308,20.88,255.58,0.98,1.40,,
2659,1330,898137,3471,immortal,891,4955,308,4644,942410,16.09,202.93,0.75,1.07,,
2660,1328,1035415,3869,immortal,1271,5834,323,5381,1073662,18.06,199.53,0.72,1.08,,
2661,1328,911082,3332,immortal,1045,4679,303,4646,879948,15.44,189.40,0.72,1.01,,
2662,1321,990442,3349,immortal,1328,4915,302,5243,906357,16.27,172.87,0.64,0.94,,
2663,1317,900270,3709,immortal,954,5127,298,4883,947693,17.20,194.08,0.76,1.05,,
2664,1313,856404,3719,immortal,940,4905,281,4454,908994,17.46,204.08,0.83,1.10,,
2665,1311,926320,3887,immortal,940,5220,325,4815,947612,16.06,196.80,0.81,1.08,,
2666,1311,1258769,4626,immortal,1391,7130,393,6606,1322648,18.14,200.22,0.70,1.08,,
2667,1311,1172353,5735,immortal,1293,7072,381,6216,1303692,18.56,209.73,0.92,1.14,,
2668,1309,1080886,4399,immortal,1167,6348,347,5681,1133234,18.29,199.48,0.77,1.12,,
2669,1304,1139822,7185,immortal,1300,8441,402,5930,1556936,21.00,262.55,1.21,1.42,,
2670,1291,916688,3885,immortal,1128,4843,271,4732,897198,17.87,189.60,0.82,1.02,,
2671,1286,856644,3624,immortal,793,4983,282,4245,955888,17.67,225.18,0.85,1.17,,
2672,1278,1129744,4944,immortal,1215,6379,337,5690,1181245,18.93,207.60,0.87,1.12,,
2673,1276,999614,3832,immortal,1068,5080,305,4963,957683,16.66,192.96,0.77,1.02,,
2674,1275,963096,3938,immortal,1039,5834,323,4959,1094749,18.06,220.76,0.79,1.18,,
2675,1271,851587,3425,immortal,835,4750,281,4446,880269,16.90,197.99,0.77,1.07,,
2676,1267,904975,3593,immortal,1123,4939,289,4608,901049,17.09,195.54,0.78,1.07,,
2677,1264,1108563,5236,immortal,1091,5871,355,5867,1122995,16.54,191.41,0.89,1.00,,
2678,1263,929840,4359,immortal,956,5655,320,4986,1046706,17.67,209.93,0.87,1.13,,
2679,1245,915338,3332,immortal,1069,4954,303,4873,956588,16.35,196.30,0.68,1.02,,
2680,1242,945318,4076,immortal,1046,5435,330,4987,1039369,16.47,208.42,0.82,1.09,,
2681,1240,858627,3311,immortal,1041,5013,286,4533,918770,17.53,202.68,0.73,1.11,,
2682,1240,1017519,4357,immortal,915,5664,316,5189,1044432,17.92,201.28,0.84,1.09,,
2683,1236,944264,4417,immortal,902,5729,297,4809,1089188,19.29,226.49,0.92,1.19,,
2684,1208,902339,4007,immortal,1174,5025,306,4772,944468,16.42,197.92,0.84,1.05,,
2685,1205,996812,5992,immortal,959,6469,344,5240,1182783,18.81,225.72,1.14,1.23,,
2686,1204,901891,3742,immortal,1095,4916,292,4773,918338,16.84,192.40,0.78,1.03,,
2687,1197,936363,3369,immortal,941,4865,293,4848,933758,16.60,192.61,0.69,1.00,,
2688,1193,1099610,7356,immortal,1078,8125,368,5726,1476112,22.08,257.79,1.28,1.42,,
2689,1181,857730,3587,immortal,945,5017,283,4442,908961,17.73,204.63,0.81,1.13,,
2690,1170,1065979,5181,immortal,1344,6912,356,5633,1275604,19.42,226.45,0.92,1.23,,
2691,1168,918266,5103,immortal,862,6194,318,4768,1150135,19.48,241.22,1.07,1.30,,
2692,1158,1083231,4083,immortal,1257,5883,354,5728,1104797,16.62,192.88,0.71,1.03,,
2693,1155,860731,3622,immortal,843,4848,261,4321,901858,18.57,208.72,0.84,1.12,,
2694,1138,901591,4032,immortal,1033,5047,277,4675,935188,18.22,200.04,0.86,1.08,,
